staff_no;nationalteam;person;rolle;rolle_standard;konfoederation;source_name;source_url;hinweis
1;Australia;Anter Isaac;Association President;Association Leadership;AFC;;https://inside.fifa.com/en/associations/AUS/organisation;FIFA-Verbandsseite
2;Australia;Frank Juric;Goalkeeping Coach;Goalkeeping Coach;AFC;Football Australia;https://footballaustralia.com.au/news/subway-socceroos-coaching-staff-appointments;Offizielle Verbands-/Nationalteamseite
3;Australia;Hayden Foxe;Assistant Coach;Assistant Coach;AFC;Football Australia;https://footballaustralia.com.au/news/subway-socceroos-coaching-staff-appointments;Offizielle Verbands-/Nationalteamseite
4;Australia;Julie Meek;Sports Dietician;Medical/Physio;AFC;Football Australia;https://footballaustralia.com.au/news/subway-socceroos-coaching-staff-appointments;Offizielle Verbands-/Nationalteamseite
5;Australia;Michael Mantikos;Team Analyst;Analyst;AFC;Football Australia;https://footballaustralia.com.au/news/subway-socceroos-coaching-staff-appointments;Offizielle Verbands-/Nationalteamseite
6;Australia;Mile Jedinak;Assistant Coach;Assistant Coach;AFC;Football Australia;https://footballaustralia.com.au/news/football-australia-honours-socceroos-specially-designed-lapel-pins;Offizielle Verbands-/Nationalteamseite
7;Australia;Paul Okon;Assistant Coach;Assistant Coach;AFC;Football Australia;https://footballaustralia.com.au/news/subway-socceroos-coaching-staff-appointments;Offizielle Verbands-/Nationalteamseite
8;Australia;Tony Popovic;Head Coach;Head Coach;AFC;;https://www.soccerphile.com/world-cup-2026/managers;"Übersichtsliste; offizielle Rolle: Cheftrainer/Head Coach"
9;Australia;Tony Popovic;Head Coach;Head Coach;AFC;Football Australia;https://footballaustralia.com.au/news/subway-socceroos-coaching-staff-appointments;Offizielle Verbands-/Nationalteamseite
1;IR Iran;Amir Ghalenoei;Head Coach;Head Coach;AFC;;https://www.soccerphile.com/world-cup-2026/managers;"Übersichtsliste; offizielle Rolle: Cheftrainer/Head Coach"
2;IR Iran;Mehdi Taj;Association President;Association Leadership;AFC;;https://inside.fifa.com/en/associations/IRN/organisation;FIFA-Verbandsseite
1;Iraq;Graham Arnold;Head Coach;Head Coach;AFC;;https://www.soccerphile.com/world-cup-2026/managers;"Übersichtsliste; offizielle Rolle: Cheftrainer/Head Coach"
2;Iraq;Younis Mahmood;Association President;Association Leadership;AFC;;https://inside.fifa.com/en/associations/IRQ/organisation;FIFA-Verbandsseite
1;Japan;Hajime Moriyasu;Head Coach;Head Coach;AFC;;https://www.soccerphile.com/world-cup-2026/managers;"Übersichtsliste; offizielle Rolle: Cheftrainer/Head Coach"
2;Japan;MAEDA Ryoichi;Coach;Other Staff;AFC;JFA;https://www.jfa.jp/eng/samuraiblue/worldcup_2026/2nd_q_2026/20240611/member.html;Offizielle Verbands-/Nationalteamseite
3;Japan;MATSUMOTO Ryoichi;Physical Coach;Fitness/Performance Coach;AFC;JFA;https://www.jfa.jp/eng/samuraiblue/worldcup_2026/2nd_q_2026/20240611/member.html;Offizielle Verbands-/Nationalteamseite
4;Japan;MORIYASU Hajime;Head Coach;Head Coach;AFC;JFA;https://www.jfa.jp/eng/samuraiblue/worldcup_2026/2nd_q_2026/20240611/member.html;Offizielle Verbands-/Nationalteamseite
5;Japan;NANAMI Hiroshi;Coach;Other Staff;AFC;JFA;https://www.jfa.jp/eng/samuraiblue/worldcup_2026/2nd_q_2026/20240611/member.html;Offizielle Verbands-/Nationalteamseite
6;Japan;SAITO Toshihide;Assistant Coach;Assistant Coach;AFC;JFA;https://www.jfa.jp/eng/samuraiblue/worldcup_2026/2nd_q_2026/20240611/member.html;Offizielle Verbands-/Nationalteamseite
7;Japan;SHIMODA Takashi;Goalkeeper Coach;Goalkeeping Coach;AFC;JFA;https://www.jfa.jp/eng/samuraiblue/worldcup_2026/2nd_q_2026/20240611/member.html;Offizielle Verbands-/Nationalteamseite
8;Japan;Tsuneyasu Miyamoto;Association President;Association Leadership;AFC;;https://inside.fifa.com/en/associations/JPN/organisation;FIFA-Verbandsseite
1;Jordan;HRH Prince Ali bin Al Hussein;Association President;Association Leadership;AFC;;https://inside.fifa.com/en/associations/JOR/organisation;FIFA-Verbandsseite
2;Jordan;Jamal Sellami;Head Coach;Head Coach;AFC;;https://www.soccerphile.com/world-cup-2026/managers;"Übersichtsliste; offizielle Rolle: Cheftrainer/Head Coach"
1;Korea Republic;Chung Mong Gyu;Association President;Association Leadership;AFC;;https://inside.fifa.com/en/associations/KOR/organisation;FIFA-Verbandsseite
2;Korea Republic;Hong Myung-bo;Head Coach;Head Coach;AFC;;https://www.soccerphile.com/world-cup-2026/managers;"Übersichtsliste; offizielle Rolle: Cheftrainer/Head Coach"
1;Qatar;Jassim Rashid Al Buenain;Association President;Association Leadership;AFC;;https://inside.fifa.com/en/associations/QAT/organisation;FIFA-Verbandsseite
2;Qatar;Julen Lopetegui;Head Coach;Head Coach;AFC;;https://www.theguardian.com/football/2026/jun/12/julen-lopetegui-going-to-the-world-cup-just-for-the-sake-of-going-is-stupid;"Aktueller WM-Bezug; offizielle Rolle: Cheftrainer/Head Coach"
1;Saudi Arabia;Georgios Donis;Head Coach;Head Coach;AFC;;https://www.soccerphile.com/world-cup-2026/managers;"Übersichtsliste; offizielle Rolle: Cheftrainer/Head Coach"
2;Saudi Arabia;Yasser Al Misehal;Association President;Association Leadership;AFC;;https://inside.fifa.com/en/associations/KSA/organisation;FIFA-Verbandsseite
1;Uzbekistan;Bakhodir Kurbanov;Association President;Association Leadership;AFC;;https://inside.fifa.com/en/associations/UZB/organisation;FIFA-Verbandsseite
2;Uzbekistan;Fabio Cannavaro;Head Coach;Head Coach;AFC;;https://www.soccerphile.com/world-cup-2026/managers;"Übersichtsliste; offizielle Rolle: Cheftrainer/Head Coach"
1;Algeria;Davide Morandi;Assistant Coach / Entraîneur adjoint;Assistant Coach;CAF;FAF;https://www.faf.dz/equipe-nationale-communique/;Official FAF communication listing the national team technical staff
2;Algeria;Messaï;Goalkeeping Coach / Entraîneur des gardiens;Goalkeeping Coach;CAF;FAF;https://www.faf.dz/equipe-nationale-communique/;Official FAF communication listing the national team technical staff
3;Algeria;Nabil Neghiz;Assistant Coach / Entraîneur adjoint;Assistant Coach;CAF;FAF;https://www.faf.dz/equipe-nationale-communique/;Official FAF communication listing the national team technical staff
4;Algeria;Paolo Rongoni;Fitness Coach / Préparateur physique;Fitness/Performance Coach;CAF;FAF;https://www.faf.dz/equipe-nationale-communique/;Official FAF communication listing the national team technical staff
5;Algeria;Vladimir Petković;Head Coach;Head Coach;CAF;;https://www.soccerphile.com/world-cup-2026/managers;"Übersichtsliste; offizielle Rolle: Cheftrainer/Head Coach"
6;Algeria;Vladimir Petković;Head Coach / Sélectionneur national;Head Coach;CAF;FAF;https://www.faf.dz/equipe-nationale-communique/;Official FAF communication listing the national team technical staff
7;Algeria;Walid Sadi;Association President;Association Leadership;CAF;;https://inside.fifa.com/en/associations/ALG/organisation;FIFA-Verbandsseite
1;Cabo Verde;Bubista;Head Coach;Head Coach;CAF;;https://www.soccerphile.com/world-cup-2026/managers;"Übersichtsliste; offizielle Rolle: Cheftrainer/Head Coach"
2;Cabo Verde;Humberto Bettencourt;Technical Staff / Equipa técnica;Assistant Coach;CAF;FCF;https://fcf.cv/noticias/page/74/;Official FCF page mentions Bubista and Humberto Bettencourt in national technical team context
3;Cabo Verde;Mario Semedo;Association President;Association Leadership;CAF;;https://inside.fifa.com/en/associations/CPV/organisation;FIFA-Verbandsseite
4;Cabo Verde;Pedro Brito “Bubista” Leitão;Head Coach / Selecionador nacional;Head Coach;CAF;FCF;https://fcf.cv/noticias/page/115/;Official FCF page confirming Bubista as national selector
1;Ivoire;Emerse Faé;Head Coach;Head Coach;CAF;;https://www.soccerphile.com/world-cup-2026/managers;"Übersichtsliste; offizielle Rolle: Cheftrainer/Head Coach"
2;Ivoire;Emerse Faé;Men's National Team Coach / Entraîneur sélection masculine;Other Staff;CAF;FIFA / FIF;https://inside.fifa.com/fr/associations/CIV/organisation;Official FIFA association page for Côte d'Ivoire lists Emerse Faé as men's national-team coach
3;Ivoire;Yacine Diallo;Association President;Association Leadership;CAF;;https://inside.fifa.com/en/associations/CIV/organisation;FIFA-Verbandsseite
4;Ivoire;Yacine Diallo;Association President;Association Leadership;CAF;FIF;https://www.fifciv.com/;"Official FIF website context; association president also listed on FIFA organisation page"
1;Congo DR;Antoine Mbongo Bongolo;Cook / Cuisinier;Medical/Physio;CAF;FECOFA;https://www.fecofa-rdc.com/le-staff-technique-de-leopards-seniors-de-la-rd-congo-devoile/;"Official FECOFA senior Leopards staff list; older but still tied to Desabre staff"
2;Congo DR;Cédric Fausto;Physiotherapist / Kinésithérapeute 2;Medical/Physio;CAF;FECOFA;https://www.fecofa-rdc.com/le-staff-technique-de-leopards-seniors-de-la-rd-congo-devoile/;"Official FECOFA senior Leopards staff list; older but still tied to Desabre staff"
3;Congo DR;Dodo Landu;Team Manager;Team Manager/Administration;CAF;FECOFA;https://www.fecofa-rdc.com/le-staff-technique-de-leopards-seniors-de-la-rd-congo-devoile/;"Official FECOFA senior Leopards staff list; older but still tied to Desabre staff"
4;Congo DR;Dr Jean-Pierre Bungu;Doctor Covid / Médecin Covid;Medical/Physio;CAF;FECOFA;https://www.fecofa-rdc.com/le-staff-technique-de-leopards-seniors-de-la-rd-congo-devoile/;"Official FECOFA senior Leopards staff list; older but still tied to Desabre staff"
5;Congo DR;Dr Matthieu Zignani;Doctor / Médecin;Medical/Physio;CAF;FECOFA;https://www.fecofa-rdc.com/le-staff-technique-de-leopards-seniors-de-la-rd-congo-devoile/;"Official FECOFA senior Leopards staff list; older but still tied to Desabre staff"
6;Congo DR;Gérôme D’Antonio;Fitness Coach / Préparateur physique;Fitness/Performance Coach;CAF;FECOFA;https://www.fecofa-rdc.com/le-staff-technique-de-leopards-seniors-de-la-rd-congo-devoile/;"Official FECOFA senior Leopards staff list; older but still tied to Desabre staff"
7;Congo DR;Jean Luc Arberet;Osteopath / Ostéopathe;Medical/Physio;CAF;FECOFA;https://www.fecofa-rdc.com/le-staff-technique-de-leopards-seniors-de-la-rd-congo-devoile/;"Official FECOFA senior Leopards staff list; older but still tied to Desabre staff"
8;Congo DR;Jerry Kalemo;Media Officer / Officier Médias;Media/Communications;CAF;FECOFA;https://www.fecofa-rdc.com/le-staff-technique-de-leopards-seniors-de-la-rd-congo-devoile/;"Official FECOFA senior Leopards staff list; older but still tied to Desabre staff"
9;Congo DR;Lofo Bongeli;Security 1 / Sécurité 1;Security;CAF;FECOFA;https://www.fecofa-rdc.com/le-staff-technique-de-leopards-seniors-de-la-rd-congo-devoile/;"Official FECOFA senior Leopards staff list; older but still tied to Desabre staff"
10;Congo DR;Marcel Mayala;Secretary / Secrétaire;Team Manager/Administration;CAF;FECOFA;https://www.fecofa-rdc.com/le-staff-technique-de-leopards-seniors-de-la-rd-congo-devoile/;"Official FECOFA senior Leopards staff list; older but still tied to Desabre staff"
11;Congo DR;Momikia Yemo;Kit-Man 1;Equipment/Kit;CAF;FECOFA;https://www.fecofa-rdc.com/le-staff-technique-de-leopards-seniors-de-la-rd-congo-devoile/;"Official FECOFA senior Leopards staff list; older but still tied to Desabre staff"
12;Congo DR;Pamphile Mihayo;Assistant Coach 2 / Sélectionneur adjoint 2;Assistant Coach;CAF;FECOFA;https://www.fecofa-rdc.com/le-staff-technique-de-leopards-seniors-de-la-rd-congo-devoile/;"Official FECOFA senior Leopards staff list; older but still tied to Desabre staff"
13;Congo DR;Patrick Apataki;Security 2 / Sécurité 2;Security;CAF;FECOFA;https://www.fecofa-rdc.com/le-staff-technique-de-leopards-seniors-de-la-rd-congo-devoile/;"Official FECOFA senior Leopards staff list; older but still tied to Desabre staff"
14;Congo DR;Rafael Hamidi;Assistant Coach 1 / Sélectionneur adjoint 1;Assistant Coach;CAF;FECOFA;https://www.fecofa-rdc.com/le-staff-technique-de-leopards-seniors-de-la-rd-congo-devoile/;"Official FECOFA senior Leopards staff list; older but still tied to Desabre staff"
15;Congo DR;Richard Nkusu;Security 3 / Sécurité 3;Security;CAF;FECOFA;https://www.fecofa-rdc.com/le-staff-technique-de-leopards-seniors-de-la-rd-congo-devoile/;"Official FECOFA senior Leopards staff list; older but still tied to Desabre staff"
16;Congo DR;Robert Kidiaba;Goalkeeping Coach / Préparateur des gardiens;Goalkeeping Coach;CAF;FECOFA;https://www.fecofa-rdc.com/le-staff-technique-de-leopards-seniors-de-la-rd-congo-devoile/;"Official FECOFA senior Leopards staff list; older but still tied to Desabre staff"
17;Congo DR;Serge Bageta;Kit Manager / Intendant;Team Manager/Administration;CAF;FECOFA;https://www.fecofa-rdc.com/le-staff-technique-de-leopards-seniors-de-la-rd-congo-devoile/;"Official FECOFA senior Leopards staff list; older but still tied to Desabre staff"
18;Congo DR;Serge Niangi;Kit-Man 2;Equipment/Kit;CAF;FECOFA;https://www.fecofa-rdc.com/le-staff-technique-de-leopards-seniors-de-la-rd-congo-devoile/;"Official FECOFA senior Leopards staff list; older but still tied to Desabre staff"
19;Congo DR;Sébastien Desabre;Head Coach;Head Coach;CAF;;https://www.soccerphile.com/world-cup-2026/managers;"Übersichtsliste; offizielle Rolle: Cheftrainer/Head Coach"
20;Congo DR;Sébastien Desabre;Manager-Head Coach / Manager Sélectionneur;Head Coach;CAF;FECOFA;https://www.fecofa-rdc.com/le-staff-technique-de-leopards-seniors-de-la-rd-congo-devoile/;"Official FECOFA senior Leopards staff list; older but still tied to Desabre staff"
21;Congo DR;Thomas Fritz;Physiotherapist / Kinésithérapeute 1;Medical/Physio;CAF;FECOFA;https://www.fecofa-rdc.com/le-staff-technique-de-leopards-seniors-de-la-rd-congo-devoile/;"Official FECOFA senior Leopards staff list; older but still tied to Desabre staff"
22;Congo DR;Veron Mosengo-Omba;Association President;Association Leadership;CAF;;https://inside.fifa.com/en/associations/COD/organisation;FIFA-Verbandsseite
1;Egypt;Hossam Hassan;Head Coach;Head Coach;CAF;;https://www.soccerphile.com/world-cup-2026/managers;"Übersichtsliste; offizielle Rolle: Cheftrainer/Head Coach"
2;Egypt;Hossam Hassan;Head Coach / المدير الفني;Head Coach;CAF;EFA;https://www.efa.com.eg/ar/%D8%A7%D9%84%D8%A3%D8%AE%D8%A8%D8%A7%D8%B1/%D8%AD%D8%B3%D8%A7%D9%85-%D8%AD%D8%B3%D9%86-%D9%8A%D8%B9%D9%84%D9%86-%D8%A7%D9%84%D9%82%D8%A7%D8%A6%D9%85%D8%A9-%D8%A7%D9%84%D9%86%D9%87%D8%A7%D8%A6%D9%8A%D8%A9-%D9%84%D9%85%D9%86%D8%AA%D8%AE%D8%A8-%D9%85%D8%B5%D8%B1-%D9%81%D9%8A-%D9%83%D8%A3%D8%B3-%D8%A7%D9%84%D8%B9%D8%A7%D9%84%D9%85/;Official EFA World Cup squad announcement says the technical staff is led by Hossam Hassan as head coach
3;Egypt;Hossam Hassan;Technical Staff Profile;Assistant Coach;CAF;EFA;https://www.efa.com.eg/ar/%D8%A8%D9%8A%D8%A7%D9%86%D8%A7%D8%AA-%D8%A7%D9%84%D9%85%D9%86%D8%AA%D8%AE%D8%A8%D8%A7%D8%AA/%D8%A7%D9%84%D8%AC%D9%87%D8%A7%D8%B2-%D8%A7%D9%84%D9%81%D9%86%D9%89/%D8%AD%D8%B3%D8%A7%D9%85-%D8%AD%D8%B3%D9%86/;Official EFA technical-staff profile page
1;Ghana;Alain Ravera;Assistant Coach;Assistant Coach;CAF;GFA;https://www.ghanafa.org/gfa-strengthens-black-stars-technical-team-with-five-key-appointments-ahead-of-2026-world-cup;Official GFA 2026 World Cup technical-team appointment
2;Ghana;Baba Adam Mutawakilu;Team Doctor;Medical/Physio;CAF;GFA;https://www.ghanafa.org/black-stars-technical-team;Official GFA technical-team page
3;Ghana;Carlos Lozano Romero;Team Physiotherapist;Medical/Physio;CAF;GFA;https://www.ghanafa.org/gfa-strengthens-black-stars-technical-team-with-five-key-appointments-ahead-of-2026-world-cup;Official GFA 2026 World Cup technical-team appointment
4;Ghana;Carlos Queiroz;Head Coach;Head Coach;CAF;;https://www.soccerphile.com/world-cup-2026/managers;"Übersichtsliste; offizielle Rolle: Cheftrainer/Head Coach"
5;Ghana;Carlos Queiroz;Head Coach;Head Coach;CAF;GFA;https://ghanafa.org/its-ghana-and-its-the-world-cup-roger-de-sa-relishing-black-stars-challenge;Official GFA article refers to Carlos Queiroz's technical team for the 2026 World Cup
6;Ghana;Daniel Yankey;Equipment Officer;Equipment/Kit;CAF;GFA;https://www.ghanafa.org/black-stars-technical-team;Official GFA technical-team page
7;Ghana;Dwayne Peasah Paa Kwesi;Performance Coach;Fitness/Performance Coach;CAF;GFA;https://www.ghanafa.org/gfa-strengthens-black-stars-technical-team-with-five-key-appointments-ahead-of-2026-world-cup;Official GFA 2026 World Cup technical-team appointment
8;Ghana;Edward Acheampong;Video Analyst;Analyst;CAF;GFA;https://www.ghanafa.org/black-stars-technical-team;Official GFA technical-team page
9;Ghana;Henry Asante Twum;Media Manager;Team Manager/Administration;CAF;GFA;https://www.ghanafa.org/black-stars-technical-team;Official GFA technical-team page
10;Ghana;Henry Martey;Team Manager;Team Manager/Administration;CAF;GFA;https://www.ghanafa.org/black-stars-technical-team;Official GFA technical-team page
11;Ghana;José Daniel Martínez Alfonso;Assistant Coach and Video Analyst;Assistant Coach;CAF;GFA;https://www.ghanafa.org/gfa-strengthens-black-stars-technical-team-with-five-key-appointments-ahead-of-2026-world-cup;Official GFA 2026 World Cup technical-team appointment
12;Ghana;Kim Lars Björkegren;Assistant Coach;Assistant Coach;CAF;GFA;https://www.ghanafa.org/gfa-strengthens-black-stars-technical-team-with-five-key-appointments-ahead-of-2026-world-cup;Official GFA 2026 World Cup technical-team appointment
13;Ghana;Roger De Sá;Assistant Coach;Assistant Coach;CAF;GFA;https://ghanafa.org/its-ghana-and-its-the-world-cup-roger-de-sa-relishing-black-stars-challenge;Official GFA article identifies Roger De Sá as Black Stars assistant coach
14;Ghana;Samuel Ankomah;Masseur;Medical/Physio;CAF;GFA;https://www.ghanafa.org/black-stars-technical-team;Official GFA technical-team page
1;Morocco;João Sacramento;First Assistant Coach / Premier entraineur adjoint;Assistant Coach;CAF;FRMF;https://frmf.ma/fr/equipe-nationale-a/staff;"Official FRMF Equipe Nationale A staff page; note this may supersede earlier non-official coach rows"
2;Morocco;Mohamed Ouahbi;Head Coach / Sélectionneur national;Head Coach;CAF;FRMF;https://frmf.ma/fr/equipe-nationale-a/staff;"Official FRMF Equipe Nationale A staff page; note this may supersede earlier non-official coach rows"
3;Morocco;Walid Regragui;Head Coach;Head Coach;CAF;;https://www.soccerphile.com/world-cup-2026/managers;"Übersichtsliste; offizielle Rolle: Cheftrainer/Head Coach"
4;Morocco;Youssef Hadji;Second Assistant Coach / Deuxième entraineur adjoint;Assistant Coach;CAF;FRMF;https://frmf.ma/fr/equipe-nationale-a/staff;"Official FRMF Equipe Nationale A staff page; note this may supersede earlier non-official coach rows"
1;Senegal;Pape Bouna Thiaw;Head Coach / Sélectionneur national;Head Coach;CAF;FSF;https://fsfoot.sn/can-2025-le-coach-pape-thiaw-publie-sa-liste/;Official FSF page says coach Pape Thiaw published the squad list
2;Senegal;Pape Bouna Thiaw;Head Coach / Sélectionneur national;Head Coach;CAF;FSF;https://fsfoot.sn/les-lions-du-senegal-lancent-leur-preparation-a-raleigh-avant-le-choc-face-aux-etats-unis/;Official FSF training report says the session was under the direction of national selector Pape Bouna Thiaw
3;Senegal;Pape Thiaw;Head Coach;Head Coach;CAF;;https://www.soccerphile.com/world-cup-2026/managers;"Übersichtsliste; offizielle Rolle: Cheftrainer/Head Coach"
1;South Africa;Helman Mkhalele;Assistant Coach;Assistant Coach;CAF;SAFA;https://www.safa.net/general-news/it-was-not-easy-bafana-coach-broos/;Official SAFA article quotes Broos referring to assistant coach Helman Mkhalele
2;South Africa;Hugo Broos;Head Coach;Head Coach;CAF;;https://www.soccerphile.com/world-cup-2026/managers;"Übersichtsliste; offizielle Rolle: Cheftrainer/Head Coach"
3;South Africa;Hugo Broos;Head Coach;Head Coach;CAF;SAFA;https://www.safa.net/general-news/broos-names-final-bafana-squad-for-the-2026-fifa-world-cup/;Official SAFA World Cup squad announcement
1;Tunisia;Sabri Lamouchi;Head Coach;Head Coach;CAF;;https://www.soccerphile.com/world-cup-2026/managers;"Übersichtsliste; offizielle Rolle: Cheftrainer/Head Coach"
1;Canada;Ewan Sharp;Assistant Coach / Head Analyst;Assistant Coach;CONCACAF;Canada Soccer;https://canadasoccer.com/about/staff/;Offizielle Verbands-/Nationalteamseite
2;Canada;Jesse Marsch;Head Coach;Head Coach;CONCACAF;;https://www.bundesliga.com/en/bundesliga/news/world-cup-2026-tuchel-nagelsmann-ancelotti-coach-connections-37544;"Aktueller WM-Bezug; offizielle Rolle: Cheftrainer/Head Coach"
3;Canada;Jesse Marsch;Head Coach;Head Coach;CONCACAF;Canada Soccer;https://news.canadasoccer.com/canada-soccer-extends-jesse-marsch-through-fifa-world-cup-2030;Offizielle Verbands-/Nationalteamseite
4;Canada;Peter Augruso;Association President;Association Leadership;CONCACAF;;https://inside.fifa.com/en/associations/CAN/organisation;FIFA-Verbandsseite
1;Curaçao;Dick Advocaat;Head Coach;Head Coach;CONCACAF;;https://www.fourfourtwo.com/team/curacao-world-cup-2026-squad;"Aktueller WM-Bezug; offizielle Rolle: Cheftrainer/Head Coach"
1;Haiti;Sébastien Migné;Head Coach;Head Coach;CONCACAF;;https://www.soccerphile.com/world-cup-2026/managers;"Übersichtsliste; offizielle Rolle: Cheftrainer/Head Coach"
1;Mexico;Ivar Sisniega;Association President;Association Leadership;CONCACAF;;https://inside.fifa.com/en/associations/MEX/organisation;FIFA-Verbandsseite
2;Mexico;Javier Aguirre;Head Coach;Head Coach;CONCACAF;;https://www.soccerphile.com/world-cup-2026/managers;"Übersichtsliste; offizielle Rolle: Cheftrainer/Head Coach"
1;Panama;Thomas Christiansen;Head Coach;Head Coach;CONCACAF;;https://www.soccerphile.com/world-cup-2026/managers;"Übersichtsliste; offizielle Rolle: Cheftrainer/Head Coach"
1;USA;Cindy Parlow Cone;Association President;Association Leadership;CONCACAF;;https://inside.fifa.com/en/associations/USA/organisation;FIFA-Verbandsseite
2;USA;Jesús Pérez;Assistant Coach / First Assistant Coach;Assistant Coach;CONCACAF;;https://www.ussoccer.com/stories/2025/11/jesus-perez-on-usmnts-world-cup-preparations-we-really-believe-we-can-win-it;Offizielle U.S.-Soccer-Meldung
3;USA;Jesús Pérez;First Assistant Coach;Assistant Coach;CONCACAF;U.S. Soccer;https://ussoccer.com/stories/2024/10/us-soccer-changes-additions-to-mens-national-team-staff;Offizielle Verbands-/Nationalteamseite
4;USA;Mauricio Pochettino;Head Coach;Head Coach;CONCACAF;;https://nypost.com/2026/06/11/sports/how-usmnt-hired-mauricio-pochettino-for-crack-at-world-cup-2026-glory/;"Aktueller WM-Bezug; offizielle Rolle: Cheftrainer/Head Coach"
5;USA;Mauricio Pochettino;Head Coach;Head Coach;CONCACAF;U.S. Soccer;https://ussoccer.com/stories/2024/09/mauricio-pochettino-named-head-coach-us-mens-national-team;Offizielle Verbands-/Nationalteamseite
6;USA;Miguel “Miki” D’Agostino;Assistant Coach;Assistant Coach;CONCACAF;U.S. Soccer;https://ussoccer.com/stories/2024/10/usa-vs-panama-match-preview-game-notes;Offizielle Verbands-/Nationalteamseite
1;Argentina;Alberto Pernas;Administrative Staff / Administrativo;Team Manager/Administration;CONMEBOL;AFA;https://www.afa.com.ar/a/posts/se-sortea-la-copa-del-mundo-2026-y-la-seleccion-argentina-conocera-a-sus-rivales-de-fase-de-grupos;"Official AFA 2026 World Cup draw delegation note; role wording kept close to source"
2;Argentina;Claudio Tapia;Association President;Association Leadership;CONMEBOL;;https://inside.fifa.com/en/associations/ARG/organisation;FIFA-Verbandsseite
3;Argentina;Claudio Tapia;Association President / Presidente;Association Leadership;CONMEBOL;AFA;https://www.afa.com.ar/a/posts/se-sortea-la-copa-del-mundo-2026-y-la-seleccion-argentina-conocera-a-sus-rivales-de-fase-de-grupos;"Official AFA 2026 World Cup draw delegation note; role wording kept close to source"
4;Argentina;Daniel Cabrera;Administrative Staff / Administrativo;Team Manager/Administration;CONMEBOL;AFA;https://www.afa.com.ar/a/posts/se-sortea-la-copa-del-mundo-2026-y-la-seleccion-argentina-conocera-a-sus-rivales-de-fase-de-grupos;"Official AFA 2026 World Cup draw delegation note; role wording kept close to source"
5;Argentina;Daniel Martínez;Doctor / Médico;Medical/Physio;CONMEBOL;AFA;https://www.afa.com.ar/a/posts/se-sortea-la-copa-del-mundo-2026-y-la-seleccion-argentina-conocera-a-sus-rivales-de-fase-de-grupos;"Official AFA 2026 World Cup draw delegation note; role wording kept close to source"
6;Argentina;Emilio Vázquez;Ticketing;Team Manager/Administration;CONMEBOL;AFA;https://www.afa.com.ar/a/posts/se-sortea-la-copa-del-mundo-2026-y-la-seleccion-argentina-conocera-a-sus-rivales-de-fase-de-grupos;"Official AFA 2026 World Cup draw delegation note; role wording kept close to source"
7;Argentina;Jorge Miadosqui;Delegation Official / Dirigente;Team Manager/Administration;CONMEBOL;AFA;https://www.afa.com.ar/a/posts/se-sortea-la-copa-del-mundo-2026-y-la-seleccion-argentina-conocera-a-sus-rivales-de-fase-de-grupos;"Official AFA 2026 World Cup draw delegation note; role wording kept close to source"
8;Argentina;Juan Tamone;Technical Staff / Cuerpo técnico;Head Coach;CONMEBOL;AFA;https://www.afa.com.ar/a/posts/se-sortea-la-copa-del-mundo-2026-y-la-seleccion-argentina-conocera-a-sus-rivales-de-fase-de-grupos;"Official AFA 2026 World Cup draw delegation note; role wording kept close to source"
9;Argentina;Lionel Scaloni;Head Coach;Head Coach;CONMEBOL;;https://www.soccerphile.com/world-cup-2026/managers;"Übersichtsliste; offizielle Rolle: Cheftrainer/Head Coach"
10;Argentina;Lionel Scaloni;Head Coach / Director técnico;Association Leadership;CONMEBOL;AFA;https://www.afa.com.ar/referees/posts/roberto-ayala-se-suma-al-ct-de-scaloni;"Offizielle AFA-Meldung; älter, deshalb Aktualität ggf. prüfen"
11;Argentina;Lionel Scaloni;Head Coach / Director técnico;Association Leadership;CONMEBOL;AFA;https://www.afa.com.ar/a/posts/se-sortea-la-copa-del-mundo-2026-y-la-seleccion-argentina-conocera-a-sus-rivales-de-fase-de-grupos;"Official AFA 2026 World Cup draw delegation note; role wording kept close to source"
12;Argentina;Luciano Nakis;Delegation Official / Dirigente;Team Manager/Administration;CONMEBOL;AFA;https://www.afa.com.ar/a/posts/se-sortea-la-copa-del-mundo-2026-y-la-seleccion-argentina-conocera-a-sus-rivales-de-fase-de-grupos;"Official AFA 2026 World Cup draw delegation note; role wording kept close to source"
13;Argentina;Luis Martín;Fitness Coach / Preparador físico;Fitness/Performance Coach;CONMEBOL;AFA;https://www.afa.com.ar/referees/posts/roberto-ayala-se-suma-al-ct-de-scaloni;"Offizielle AFA-Meldung; älter, deshalb Aktualität ggf. prüfen"
14;Argentina;Luis Martín;Technical Staff / Cuerpo técnico;Head Coach;CONMEBOL;AFA;https://www.afa.com.ar/a/posts/se-sortea-la-copa-del-mundo-2026-y-la-seleccion-argentina-conocera-a-sus-rivales-de-fase-de-grupos;"Official AFA 2026 World Cup draw delegation note; role wording kept close to source"
15;Argentina;Martín Tocalli;Goalkeeping Coach / Entrenador de arqueros;Goalkeeping Coach;CONMEBOL;AFA;https://www.afa.com.ar/referees/posts/roberto-ayala-se-suma-al-ct-de-scaloni;"Offizielle AFA-Meldung; älter, deshalb Aktualität ggf. prüfen"
16;Argentina;Matías Ferreyra;Security / Seguridad;Security;CONMEBOL;AFA;https://www.afa.com.ar/a/posts/se-sortea-la-copa-del-mundo-2026-y-la-seleccion-argentina-conocera-a-sus-rivales-de-fase-de-grupos;"Official AFA 2026 World Cup draw delegation note; role wording kept close to source"
17;Argentina;Matías Manna;Technical Staff / Cuerpo técnico;Head Coach;CONMEBOL;AFA;https://www.afa.com.ar/a/posts/se-sortea-la-copa-del-mundo-2026-y-la-seleccion-argentina-conocera-a-sus-rivales-de-fase-de-grupos;"Official AFA 2026 World Cup draw delegation note; role wording kept close to source"
18;Argentina;Nicolás Novello;Press and Communications / Prensa y comunicación;Media/Communications;CONMEBOL;AFA;https://www.afa.com.ar/a/posts/se-sortea-la-copa-del-mundo-2026-y-la-seleccion-argentina-conocera-a-sus-rivales-de-fase-de-grupos;"Official AFA 2026 World Cup draw delegation note; role wording kept close to source"
19;Argentina;Pablo Aimar;Assistant Coach / Ayudante de campo;Assistant Coach;CONMEBOL;AFA;https://www.afa.com.ar/referees/posts/roberto-ayala-se-suma-al-ct-de-scaloni;"Offizielle AFA-Meldung; älter, deshalb Aktualität ggf. prüfen"
20;Argentina;Pablo Aimar;Technical Staff / Cuerpo técnico;Head Coach;CONMEBOL;AFA;https://www.afa.com.ar/a/posts/se-sortea-la-copa-del-mundo-2026-y-la-seleccion-argentina-conocera-a-sus-rivales-de-fase-de-grupos;"Official AFA 2026 World Cup draw delegation note; role wording kept close to source"
21;Argentina;Roberto Ayala;Assistant Coach / Ayudante de campo;Assistant Coach;CONMEBOL;AFA;https://www.afa.com.ar/referees/posts/roberto-ayala-se-suma-al-ct-de-scaloni;"Offizielle AFA-Meldung; älter, deshalb Aktualität ggf. prüfen"
22;Argentina;Roberto Ayala;Technical Staff / Cuerpo técnico;Head Coach;CONMEBOL;AFA;https://www.afa.com.ar/a/posts/se-sortea-la-copa-del-mundo-2026-y-la-seleccion-argentina-conocera-a-sus-rivales-de-fase-de-grupos;"Official AFA 2026 World Cup draw delegation note; role wording kept close to source"
23;Argentina;Walter Samuel;Assistant Coach / Ayudante de campo;Assistant Coach;CONMEBOL;AFA;https://www.afa.com.ar/referees/posts/roberto-ayala-se-suma-al-ct-de-scaloni;"Offizielle AFA-Meldung; älter, deshalb Aktualität ggf. prüfen"
24;Argentina;Walter Samuel;Technical Staff / Cuerpo técnico;Head Coach;CONMEBOL;AFA;https://www.afa.com.ar/a/posts/se-sortea-la-copa-del-mundo-2026-y-la-seleccion-argentina-conocera-a-sus-rivales-de-fase-de-grupos;"Official AFA 2026 World Cup draw delegation note; role wording kept close to source"
1;Brazil;Carlo Ancelotti;Head Coach;Head Coach;CONMEBOL;;https://www.bundesliga.com/en/bundesliga/news/world-cup-2026-tuchel-nagelsmann-ancelotti-coach-connections-37544;"Aktueller WM-Bezug; offizielle Rolle: Cheftrainer/Head Coach"
2;Brazil;Carlo Ancelotti;Head Coach / Técnico;Head Coach;CONMEBOL;CBF;https://www.cbf.com.br/selecao-brasileira/noticias/selecao-masculina/a/carlo-ancelotti-convoca-os-26-jogadores-que-vao-tentar-o-hexa-na-copa-do-mundo;"Offizielle CBF-Meldung; Assistenzrollen auf offizieller Seite in dieser Recherche nicht stabil abrufbar"
3;Brazil;Carlo Ancelotti;Head Coach / Técnico;Head Coach;CONMEBOL;CBF;https://www.cbf.com.br/selecao-brasileira/noticias/noticias-selecao-masculina/a/carlo-ancelotti-e-o-novo-tecnico-da-selecao-brasileira;"Official CBF article; staff/coordination roles named in Ancelotti appointment context"
4;Brazil;Juan;Technical Coordinator / Coordenador técnico;Association Leadership;CONMEBOL;CBF;https://www.cbf.com.br/selecao-brasileira/noticias/noticias-selecao-masculina/a/carlo-ancelotti-e-o-novo-tecnico-da-selecao-brasileira;"Official CBF article; staff/coordination roles named in Ancelotti appointment context"
5;Brazil;Rodrigo Caetano;General Coordinator of Men's National Teams / Coordenador geral das Seleções Masculinas;Association Leadership;CONMEBOL;CBF;https://www.cbf.com.br/selecao-brasileira/noticias/noticias-selecao-masculina/a/carlo-ancelotti-e-o-novo-tecnico-da-selecao-brasileira;"Official CBF article; staff/coordination roles named in Ancelotti appointment context"
6;Brazil;Samir Xaud;Association President;Association Leadership;CONMEBOL;;https://inside.fifa.com/en/associations/BRA/organisation;FIFA-Verbandsseite
1;Colombia;Andrés Tamayo;Technical Staff / Staff member;Assistant Coach;CONMEBOL;FCF;https://fcf.com.co/2022/07/14/nestor-lorenzo-llego-a-colombia-para-dirigir-la-seleccion-colombia-masculina-de-mayores/;Official FCF arrival article names staff members in image caption, but does not specify individual roles
2;Colombia;Fernando Allocco;Technical Staff / Staff member;Assistant Coach;CONMEBOL;FCF;https://fcf.com.co/2022/07/14/nestor-lorenzo-llego-a-colombia-para-dirigir-la-seleccion-colombia-masculina-de-mayores/;Official FCF arrival article names staff members in image caption, but does not specify individual roles
3;Colombia;Iván Novella;Technical Staff / Staff member;Assistant Coach;CONMEBOL;FCF;https://fcf.com.co/2022/07/14/nestor-lorenzo-llego-a-colombia-para-dirigir-la-seleccion-colombia-masculina-de-mayores/;Official FCF arrival article names staff members in image caption, but does not specify individual roles
4;Colombia;Leandro Javier Jorge;Technical Staff / Staff member;Assistant Coach;CONMEBOL;FCF;https://fcf.com.co/2022/07/14/nestor-lorenzo-llego-a-colombia-para-dirigir-la-seleccion-colombia-masculina-de-mayores/;Official FCF arrival article names staff members in image caption, but does not specify individual roles
5;Colombia;Luis Amaranto Perea;Technical Staff / Staff member;Assistant Coach;CONMEBOL;FCF;https://fcf.com.co/2022/07/14/nestor-lorenzo-llego-a-colombia-para-dirigir-la-seleccion-colombia-masculina-de-mayores/;Official FCF arrival article names staff members in image caption, but does not specify individual roles
6;Colombia;Néstor Lorenzo;Head Coach;Head Coach;CONMEBOL;;https://www.soccerphile.com/world-cup-2026/managers;"Übersichtsliste; offizielle Rolle: Cheftrainer/Head Coach"
7;Colombia;Néstor Lorenzo;Head Coach / Director Técnico;Association Leadership;CONMEBOL;FCF;https://fcf.com.co/2022/06/14/nestor-lorenzo-fue-presentado-como-nuevo-director-tecnico-de-la-seleccion-colombia/;Official FCF presentation as Colombia men's senior national team head coach
8;Colombia;Valentino Dressino;Technical Staff / Staff member;Assistant Coach;CONMEBOL;FCF;https://fcf.com.co/2022/07/14/nestor-lorenzo-llego-a-colombia-para-dirigir-la-seleccion-colombia-masculina-de-mayores/;Official FCF arrival article names staff members in image caption, but does not specify individual roles
1;Ecuador;Sebastián Beccacece;Head Coach;Head Coach;CONMEBOL;;https://www.soccerphile.com/world-cup-2026/managers;"Übersichtsliste; offizielle Rolle: Cheftrainer/Head Coach"
2;Ecuador;Sebastián Beccacece;Head Coach / Director técnico;Association Leadership;CONMEBOL;FEF;https://nuevo.fef.ec/noticia/beccacece-destaca-el-proceso-el-recambio-generacional-y-la-conviccion-de-ecuador-rumbo-al-mundial;"Official FEF article; clear head-coach role. Role-by-role staff list not found in official quick search."
1;Paraguay;Carlos González;Assistant Manager / Assistant Coach;Assistant Coach;CONMEBOL;APF;https://www.apf.org.py/jugadores-seleccion-absoluta-masculina;Official APF senior men's team page
2;Paraguay;Claudio Cristofanelli;Assistant Manager / Assistant Coach;Assistant Coach;CONMEBOL;APF;https://www.apf.org.py/jugadores-seleccion-absoluta-masculina;Official APF senior men's team page
3;Paraguay;Diego Carranza;Goalkeeping Coach / Preparador de arqueros;Goalkeeping Coach;CONMEBOL;APF;https://www.apf.org.py/noticias/la-seleccion-nacional-continua-su-preparacion-en-tierras-estadounidenses;Official APF training report
4;Paraguay;Gustavo Alfaro;Head Coach;Head Coach;CONMEBOL;;https://www.soccerphile.com/world-cup-2026/managers;"Übersichtsliste; offizielle Rolle: Cheftrainer/Head Coach"
5;Paraguay;Gustavo Alfaro;Head Coach / Mánager / Entrenador;Head Coach;CONMEBOL;APF;https://www.apf.org.py/jugadores-seleccion-absoluta-masculina;Official APF senior men's team page
6;Paraguay;Miguel Figueredo;Association Vice President / Vicepresidente;Association Leadership;CONMEBOL;APF;https://www.apf.org.py/noticias/la-preparacion-mundialista-sigue-creciendo-en-el-carde;Official APF article naming vice president
7;Paraguay;Pedro Arbelaiz;Fitness Coach / Preparador físico;Fitness/Performance Coach;CONMEBOL;APF;https://www.apf.org.py/noticias/la-seleccion-nacional-continua-su-preparacion-en-tierras-estadounidenses;Official APF training report
8;Paraguay;Robert Harrison;Association President / Presidente;Association Leadership;CONMEBOL;APF;https://www.apf.org.py/noticias/la-preparacion-mundialista-sigue-creciendo-en-el-carde;Official APF article naming federation president
9;Paraguay;Sergio Chiarelli;Fitness Coach / Preparador físico;Fitness/Performance Coach;CONMEBOL;APF;https://www.apf.org.py/noticias/la-seleccion-nacional-continua-su-preparacion-en-tierras-estadounidenses;Official APF training report
1;Uruguay;Andrés Paysee;Video Analyst / Analista de Video;Analyst;CONMEBOL;AUF;https://www.auf.org.uy/cuerpo-tecnico-de-la-seleccion-mayor-de-uruguay/;Official AUF senior national team technical staff page
2;Uruguay;Carlos Nicola;Goalkeeping Coach / Entrenador de Arqueros;Goalkeeping Coach;CONMEBOL;AUF;https://www.auf.org.uy/cuerpo-tecnico-de-la-seleccion-mayor-de-uruguay/;Official AUF senior national team technical staff page
3;Uruguay;Diego Reyes;Assistant Coach / Ayudante Técnico;Assistant Coach;CONMEBOL;AUF;https://www.auf.org.uy/cuerpo-tecnico-de-la-seleccion-mayor-de-uruguay/;Official AUF senior national team technical staff page
4;Uruguay;Fernando González;Fitness Coach / Preparador Físico;Fitness/Performance Coach;CONMEBOL;AUF;https://www.auf.org.uy/cuerpo-tecnico-de-la-seleccion-mayor-de-uruguay/;Official AUF senior national team technical staff page
5;Uruguay;Lucas Ouviña;Technical Assistant / Auxiliar Técnico;Assistant Coach;CONMEBOL;AUF;https://www.auf.org.uy/cuerpo-tecnico-de-la-seleccion-mayor-de-uruguay/;Official AUF senior national team technical staff page
6;Uruguay;Magdalena Lococo;Video Analyst / Analista de Video;Analyst;CONMEBOL;AUF;https://www.auf.org.uy/cuerpo-tecnico-de-la-seleccion-mayor-de-uruguay/;Official AUF senior national team technical staff page
7;Uruguay;Marcelo Bielsa;Head Coach;Head Coach;CONMEBOL;;https://www.soccerphile.com/world-cup-2026/managers;"Übersichtsliste; offizielle Rolle: Cheftrainer/Head Coach"
8;Uruguay;Marcelo Bielsa;Head Coach / Director Técnico;Association Leadership;CONMEBOL;AUF;https://www.auf.org.uy/cuerpo-tecnico-de-la-seleccion-mayor-de-uruguay/;Official AUF senior national team technical staff page
9;Uruguay;Oscar Ortega;Fitness Coach / Preparador Físico;Fitness/Performance Coach;CONMEBOL;AUF;https://www.auf.org.uy/cuerpo-tecnico-de-la-seleccion-mayor-de-uruguay/;Official AUF senior national team technical staff page
10;Uruguay;Pablo Quiroga;Second Coach / Segundo Entrenador;Assistant Coach;CONMEBOL;AUF;https://www.auf.org.uy/cuerpo-tecnico-de-la-seleccion-mayor-de-uruguay/;Official AUF senior national team technical staff page
11;Uruguay;Sergio Chiarelli;Fitness Coach / Preparador Físico;Fitness/Performance Coach;CONMEBOL;AUF;https://www.auf.org.uy/cuerpo-tecnico-de-la-seleccion-mayor-de-uruguay/;Official AUF senior national team technical staff page
1;New Zealand;Darren Bazeley;Head Coach;Head Coach;OFC;;https://www.soccerphile.com/world-cup-2026/managers;"Übersichtsliste; offizielle Rolle: Cheftrainer/Head Coach"
1;Austria;Lars Kornetka;Assistant Coach / Assistenz-Trainer;Assistant Coach;UEFA;ÖFB;https://www.oefb.at/oefb/Teams/Maenner/Nationalteam/Trainer;Offizielle Verbands-/Nationalteamseite
2;Austria;Peter Perchtold;Assistant Coach / Co-Trainer;Assistant Coach;UEFA;ÖFB;https://www.oefb.at/oefb/News/Peter-Perchtold-wird-Co-Trainer-von-Ralf-Rangnick;Offizielle Verbands-/Nationalteamseite
3;Austria;Ralf Rangnick;Head Coach;Head Coach;UEFA;;https://www.uefa.com/european-qualifiers/news/029f-1f318027c4dd-8e9bab478b48-1000--world-cup-2026-which-european-teams-have-qualified/;"UEFA-Team offiziell qualifiziert; Trainer aus aktueller WM-Coach-Liste"
4;Austria;Ralf Rangnick;Head Coach / Teamchef;Head Coach;UEFA;ÖFB;https://www.oefb.at/oefb/Teams/Maenner/Nationalteam/Trainer;Offizielle Verbands-/Nationalteamseite
1;Belgium;Bram Gielen;Physical Coach;Fitness/Performance Coach;UEFA;RBFA;https://www.rbfa.be/en/national-teams/red-devils/red-devils-staff;Offizielle Verbands-/Nationalteamseite
2;Belgium;Claude Fichaux;Assistant Coach;Assistant Coach;UEFA;RBFA;https://www.rbfa.be/en/national-teams/red-devils/red-devils-staff;Offizielle Verbands-/Nationalteamseite
3;Belgium;Frederic De Boever;Team Manager;Team Manager/Administration;UEFA;RBFA;https://www.rbfa.be/en/national-teams/red-devils/red-devils-staff;Offizielle Verbands-/Nationalteamseite
4;Belgium;Guy Martens;Goalkeeper Coach;Goalkeeping Coach;UEFA;RBFA;https://www.rbfa.be/en/national-teams/red-devils/red-devils-staff;Offizielle Verbands-/Nationalteamseite
5;Belgium;Rudi Garcia;Head Coach;Head Coach;UEFA;;https://www.uefa.com/european-qualifiers/news/029f-1f318027c4dd-8e9bab478b48-1000--world-cup-2026-which-european-teams-have-qualified/;"UEFA-Team offiziell qualifiziert; Trainer aus aktueller WM-Coach-Liste"
6;Belgium;Rudi Garcia;National Coach;Head Coach;UEFA;RBFA;https://www.rbfa.be/en/national-teams/red-devils/red-devils-staff;Offizielle Verbands-/Nationalteamseite
7;Belgium;Stéphane Jobard;Assistant Coach;Assistant Coach;UEFA;RBFA;https://www.rbfa.be/en/national-teams/red-devils/red-devils-staff;Offizielle Verbands-/Nationalteamseite
8;Belgium;Vincent Mannaert;Technical Director;Association Leadership;UEFA;RBFA;https://www.rbfa.be/en/national-teams/red-devils/red-devils-staff;Offizielle Verbands-/Nationalteamseite
1;Bosnia and Herzegovina;Sergej Barbarez;Head Coach;Head Coach;UEFA;;https://www.uefa.com/european-qualifiers/news/029f-1f318027c4dd-8e9bab478b48-1000--world-cup-2026-which-european-teams-have-qualified/;"UEFA-Team offiziell qualifiziert; Trainer aus aktueller WM-Coach-Liste"
2;Bosnia and Herzegovina;Sergej Barbarez;Head Coach;Head Coach;UEFA;N/FSBiH;https://www.nfsbih.ba/en/news/football-m/a-national-team-m/zlatan-bajramovic-joins-sergej-barbarez-s-coaching-staff/;"Offizielle Verbandsmeldung; Staff nicht vollständig als Teamseite gefunden"
3;Bosnia and Herzegovina;Zlatan Bajramović;Assistant Coach;Assistant Coach;UEFA;N/FSBiH;https://www.nfsbih.ba/en/news/football-m/a-national-team-m/zlatan-bajramovic-joins-sergej-barbarez-s-coaching-staff/;"Offizielle Verbandsmeldung; Staff nicht vollständig als Teamseite gefunden"
1;Croatia;Danijel Subašić;Goalkeeping Coach;Goalkeeping Coach;UEFA;HNS;https://hns.team/vatreni/;Offizielle Verbands-/Nationalteamseite
2;Croatia;Dennis Lukančić;Kit Manager;Team Manager/Administration;UEFA;HNS;https://hns.team/vatreni/;Offizielle Verbands-/Nationalteamseite
3;Croatia;Dražen Ladić;Coach;Other Staff;UEFA;HNS;https://hns.team/vatreni/;Offizielle Verbands-/Nationalteamseite
4;Croatia;Goran Beloglavec;Physiotherapist;Medical/Physio;UEFA;HNS;https://hns.team/vatreni/;Offizielle Verbands-/Nationalteamseite
5;Croatia;Goran Vincek;Kit Manager;Team Manager/Administration;UEFA;HNS;https://hns.team/vatreni/;Offizielle Verbands-/Nationalteamseite
6;Croatia;Iva Olivari;Team Manager;Team Manager/Administration;UEFA;HNS;https://hns.team/vatreni/;Offizielle Verbands-/Nationalteamseite
7;Croatia;Luka Karlo;Kit Manager;Team Manager/Administration;UEFA;HNS;https://hns.team/vatreni/;Offizielle Verbands-/Nationalteamseite
8;Croatia;Luka Milanović;Fitness Coach;Fitness/Performance Coach;UEFA;HNS;https://hns.team/vatreni/;Offizielle Verbands-/Nationalteamseite
9;Croatia;Marc Rochon;Video Analyst;Analyst;UEFA;HNS;https://hns.team/vatreni/;Offizielle Verbands-/Nationalteamseite
10;Croatia;Marin Dadić;Fitness Coach;Fitness/Performance Coach;UEFA;HNS;https://hns.team/vatreni/;Offizielle Verbands-/Nationalteamseite
11;Croatia;Marjan Mrmić;Goalkeeping Coach;Goalkeeping Coach;UEFA;HNS;https://hns.team/vatreni/;Offizielle Verbands-/Nationalteamseite
12;Croatia;Miroslav Jamnić;Physiotherapist;Medical/Physio;UEFA;HNS;https://hns.team/vatreni/;Offizielle Verbands-/Nationalteamseite
13;Croatia;Miroslav Marković;Security Officer;Security;UEFA;HNS;https://hns.team/vatreni/;Offizielle Verbands-/Nationalteamseite
14;Croatia;Mladen Pilčić;Kit Manager;Team Manager/Administration;UEFA;HNS;https://hns.team/vatreni/;Offizielle Verbands-/Nationalteamseite
15;Croatia;Nderim Redžaj;Physiotherapist;Medical/Physio;UEFA;HNS;https://hns.team/vatreni/;Offizielle Verbands-/Nationalteamseite
16;Croatia;Neven Golubar;Physiotherapist;Medical/Physio;UEFA;HNS;https://hns.team/vatreni/;Offizielle Verbands-/Nationalteamseite
17;Croatia;Stipe Pletikosa;Technical Director;Association Leadership;UEFA;HNS;https://hns.team/vatreni/;Offizielle Verbands-/Nationalteamseite
18;Croatia;Tomislav Pacak;Spokesperson;Media/Communications;UEFA;HNS;https://hns.team/vatreni/;Offizielle Verbands-/Nationalteamseite
19;Croatia;Vedran Ćorluka;Coach;Other Staff;UEFA;HNS;https://hns.team/vatreni/;Offizielle Verbands-/Nationalteamseite
20;Croatia;Zlatko Dalić;Head Coach;Head Coach;UEFA;;https://www.uefa.com/european-qualifiers/news/029f-1f318027c4dd-8e9bab478b48-1000--world-cup-2026-which-european-teams-have-qualified/;"UEFA-Team offiziell qualifiziert; Trainer aus aktueller WM-Coach-Liste"
21;Croatia;Zlatko Dalić;Head Coach / Izbornik;Head Coach;UEFA;HNS;https://hns.team/vatreni/;Offizielle Verbands-/Nationalteamseite
22;Croatia;dr. Eduard Rod;Doctor;Medical/Physio;UEFA;HNS;https://hns.team/vatreni/;Offizielle Verbands-/Nationalteamseite
23;Croatia;dr. Saša Janković;Doctor;Medical/Physio;UEFA;HNS;https://hns.team/vatreni/;Offizielle Verbands-/Nationalteamseite
24;Croatia;dr. Tomislav Vlahović;Doctor;Medical/Physio;UEFA;HNS;https://hns.team/vatreni/;Offizielle Verbands-/Nationalteamseite
1;Czechia;Jan Rezek;Assistant Coach / Asistent trenéra;Assistant Coach;UEFA;FAČR / Fotbal.cz;https://www.fotbal.cz/repre/tym/realizacni-tym/1;Offizielle Verbands-/Nationalteamseite
2;Czechia;Jan Suchopárek;Assistant Coach / Asistent trenéra;Assistant Coach;UEFA;FAČR / Fotbal.cz;https://www.fotbal.cz/repre/tym/realizacni-tym/1;Offizielle Verbands-/Nationalteamseite
3;Czechia;Jaroslav Plašil;Assistant Coach / Asistent trenéra;Assistant Coach;UEFA;FAČR / Fotbal.cz;https://www.fotbal.cz/repre/tym/realizacni-tym/1;Offizielle Verbands-/Nationalteamseite
4;Czechia;Matúš Kozáčik;Goalkeeping Coach / Trenér gólmanů;Goalkeeping Coach;UEFA;FAČR / Fotbal.cz;https://www.fotbal.cz/repre/tym/realizacni-tym/1;Offizielle Verbands-/Nationalteamseite
5;Czechia;Miroslav Koubek;Head Coach;Head Coach;UEFA;;https://www.uefa.com/european-qualifiers/news/029f-1f318027c4dd-8e9bab478b48-1000--world-cup-2026-which-european-teams-have-qualified/;"UEFA-Team offiziell qualifiziert; Trainer aus aktueller WM-Coach-Liste"
6;Czechia;Miroslav Koubek;Head Coach / Trenér;Head Coach;UEFA;FAČR / Fotbal.cz;https://www.fotbal.cz/repre/tym/realizacni-tym/1;Offizielle Verbands-/Nationalteamseite
7;Czechia;Radek Černý;Goalkeeping Coach / Trenér gólmanů;Goalkeeping Coach;UEFA;FAČR / Fotbal.cz;https://www.fotbal.cz/repre/tym/realizacni-tym/1;Offizielle Verbands-/Nationalteamseite
1;England;Anthony Barry;Assistant Head Coach;Assistant Coach;UEFA;England Football / The FA;https://www.englandfootball.com/articles/2024/Oct/16/thomas-tuchel-appointed-as-england-mens-senior-head-coach-20241610;Offizielle Verbands-/Nationalteamseite
2;England;Debbie Hewitt;Association President;Association Leadership;UEFA;;https://inside.fifa.com/en/associations/ENG/organisation;FIFA-Verbandsseite
3;England;Henrique Hilário;Coaching Staff;Assistant Coach;UEFA;England Football / The FA;https://www.englandfootball.com/articles/2025/Jan/02/thomas-tuchel-england-backroom-team-staff-announced-20250201;Offizielle Verbands-/Nationalteamseite
4;England;James Melbourne;Coaching Staff;Assistant Coach;UEFA;England Football / The FA;https://www.englandfootball.com/articles/2025/Jan/02/thomas-tuchel-england-backroom-team-staff-announced-20250201;Offizielle Verbands-/Nationalteamseite
5;England;Nicolas Mayer;Coaching Staff;Assistant Coach;UEFA;England Football / The FA;https://www.englandfootball.com/articles/2025/Jan/02/thomas-tuchel-england-backroom-team-staff-announced-20250201;Offizielle Verbands-/Nationalteamseite
6;England;Thomas Tuchel;Head Coach;Head Coach;UEFA;;https://www.bundesliga.com/en/bundesliga/news/world-cup-2026-tuchel-nagelsmann-ancelotti-coach-connections-37544;"Aktueller WM-Bezug; offizielle Rolle: Cheftrainer/Head Coach"
7;England;Thomas Tuchel;Head Coach;Head Coach;UEFA;England Football / The FA;https://www.englandfootball.com/articles/2024/Oct/16/thomas-tuchel-appointed-as-england-mens-senior-head-coach-20241610;Offizielle Verbands-/Nationalteamseite
1;France;Bachir Nehar;Kit Manager;Team Manager/Administration;UEFA;FFF;https://www.fff.fr/40-les-bleus-en-coupe-du-monde/866-staff.html;Offizielle FFF-WM-Staffseite
2;France;Clément Ybert;Video Analyst;Analyst;UEFA;FFF;https://www.fff.fr/40-les-bleus-en-coupe-du-monde/866-staff.html;Offizielle FFF-WM-Staffseite
3;France;Cyril Moine;Fitness Coach;Fitness/Performance Coach;UEFA;FFF;https://www.fff.fr/selection/2-equipe-de-france/staff.html;Offizielle Verbands-/Nationalteamseite
4;France;Didier Deschamps;Head Coach;Head Coach;UEFA;;https://www.uefa.com/european-qualifiers/news/029f-1f318027c4dd-8e9bab478b48-1000--world-cup-2026-which-european-teams-have-qualified/;"UEFA-Team offiziell qualifiziert; Trainer aus aktueller WM-Coach-Liste"
5;France;Didier Deschamps;Sélectionneur / Head Coach;Head Coach;UEFA;FFF;https://www.fff.fr/selection/2-equipe-de-france/staff.html;Offizielle Verbands-/Nationalteamseite
6;France;Franck Raviot;Goalkeeping Coach;Goalkeeping Coach;UEFA;FFF;https://www.fff.fr/selection/2-equipe-de-france/staff.html;Offizielle Verbands-/Nationalteamseite
7;France;Guy Stéphan;Assistant Coach;Assistant Coach;UEFA;FFF;https://www.fff.fr/selection/2-equipe-de-france/staff.html;Offizielle Verbands-/Nationalteamseite
8;France;Johan Perez;Kit Manager;Team Manager/Administration;UEFA;FFF;https://www.fff.fr/40-les-bleus-en-coupe-du-monde/866-staff.html;Offizielle FFF-WM-Staffseite
9;France;Mohamed Sanhadji;Security and Liaison Officer;Team Manager/Administration;UEFA;FFF;https://www.fff.fr/40-les-bleus-en-coupe-du-monde/866-staff.html;Offizielle FFF-WM-Staffseite
10;France;Nicolas Piry;Equipment Supplier Representative;Equipment/Kit;UEFA;FFF;https://www.fff.fr/40-les-bleus-en-coupe-du-monde/866-staff.html;Offizielle FFF-WM-Staffseite
11;France;Philippe Brocherieux;Team Manager;Team Manager/Administration;UEFA;FFF;https://www.fff.fr/40-les-bleus-en-coupe-du-monde/866-staff.html;Offizielle FFF-WM-Staffseite
12;France;Philippe Diallo;Association President;Association Leadership;UEFA;;https://inside.fifa.com/en/associations/FRA/organisation;FIFA-Verbandsseite
13;France;Thierry Marszalek;Video Analyst;Analyst;UEFA;FFF;https://www.fff.fr/40-les-bleus-en-coupe-du-monde/866-staff.html;Offizielle FFF-WM-Staffseite
14;France;Xavier Rousseau;Cook;Medical/Physio;UEFA;FFF;https://www.fff.fr/40-les-bleus-en-coupe-du-monde/866-staff.html;Offizielle FFF-WM-Staffseite
1;Germany;Alfred Schreuder;Assistant Coach;Assistant Coach;UEFA;DFB;https://www.dfb.de/en/men/mens-national-team/coaches;Offizielle Verbands-/Nationalteamseite
2;Germany;Andreas Kronenberg;Goalkeeping Coach;Goalkeeping Coach;UEFA;DFB;https://www.dfb.de/en/men/mens-national-team/coaches;Offizielle Verbands-/Nationalteamseite
3;Germany;Benjamin Glück;Assistant Coach;Assistant Coach;UEFA;DFB;https://www.dfb.de/en/men/mens-national-team/coaches;Offizielle Verbands-/Nationalteamseite
4;Germany;Benjamin Hübner;Assistant Coach;Assistant Coach;UEFA;DFB;https://www.dfb.de/en/men/mens-national-team/coaches;Offizielle Verbands-/Nationalteamseite
5;Germany;Bernd Neuendorf;Association President;Association Leadership;UEFA;;https://inside.fifa.com/en/associations/GER/organisation;FIFA-Verbandsseite
6;Germany;Bram Geers;Fitness Coach;Fitness/Performance Coach;UEFA;DFB;https://www.dfb.de/en/men/mens-national-team/coaches;Offizielle Verbands-/Nationalteamseite
7;Germany;Julian Nagelsmann;Head Coach;Head Coach;UEFA;;https://www.bundesliga.com/en/bundesliga/news/world-cup-2026-tuchel-nagelsmann-ancelotti-coach-connections-37544;"Aktueller WM-Bezug; offizielle Rolle: Cheftrainer/Head Coach"
8;Germany;Julian Nagelsmann;Head Coach;Head Coach;UEFA;DFB;https://www.dfb.de/en/men/mens-national-team/coaches;Offizielle Verbands-/Nationalteamseite
9;Germany;Krunoslav Banovcic;Fitness Coach;Fitness/Performance Coach;UEFA;DFB;https://www.dfb.de/en/men/mens-national-team/coaches;Offizielle Verbands-/Nationalteamseite
10;Germany;Mads Buttgereit;Assistant Coach (set plays);Assistant Coach;UEFA;DFB;https://www.dfb.de/en/men/mens-national-team/coaches;Offizielle Verbands-/Nationalteamseite
11;Germany;Nicklas Dietrich;Fitness Coach;Fitness/Performance Coach;UEFA;DFB;https://www.dfb.de/en/men/mens-national-team/coaches;Offizielle Verbands-/Nationalteamseite
12;Germany;Stefan Wessels;Goalkeeping Coach;Goalkeeping Coach;UEFA;DFB;https://www.dfb.de/en/men/mens-national-team/coaches;Offizielle Verbands-/Nationalteamseite
1;Netherlands;Erwin Koeman;Assistant Coach / Assistent;Assistant Coach;UEFA;OnsOranje / KNVB;https://www.onsoranje.nl/nieuws/nederlands-elftal-mannen/82426/ruud-van-nistelrooij-toegevoegd-aan-technische-staf-nederlands;Offizielle Verbands-/Nationalteamseite
2;Netherlands;Ronald Koeman;Head Coach;Head Coach;UEFA;;https://www.uefa.com/european-qualifiers/news/029f-1f318027c4dd-8e9bab478b48-1000--world-cup-2026-which-european-teams-have-qualified/;"UEFA-Team offiziell qualifiziert; Trainer aus aktueller WM-Coach-Liste"
3;Netherlands;Ronald Koeman;Head Coach / Bondscoach;Head Coach;UEFA;OnsOranje / KNVB;https://www.onsoranje.nl/teams/185184/speler/8842/staflid;Offizielle Verbands-/Nationalteamseite
4;Netherlands;Ruud van Nistelrooij;Assistant Coach / Assistent;Assistant Coach;UEFA;OnsOranje / KNVB;https://www.onsoranje.nl/nieuws/nederlands-elftal-mannen/82426/ruud-van-nistelrooij-toegevoegd-aan-technische-staf-nederlands;Offizielle Verbands-/Nationalteamseite
5;Netherlands;Wim Jonk;Assistant Coach / Assistent;Assistant Coach;UEFA;OnsOranje / KNVB;https://www.onsoranje.nl/nieuws/nederlands-elftal-mannen/82426/ruud-van-nistelrooij-toegevoegd-aan-technische-staf-nederlands;Offizielle Verbands-/Nationalteamseite
1;Norway;Bjørn Vidar Stenersen;Fitness Coach / Fysisk trener;Fitness/Performance Coach;UEFA;NFF;https://www.fotball.no/tema/om-nff/ansatte/Toppfotball-og-Landslag/a-landslagene/;Offizielle Verbands-/Nationalteamseite
2;Norway;Brede Hangeland;Player Liaison / Spilleransvarlig;Team Manager/Administration;UEFA;NFF;https://www.fotball.no/tema/om-nff/ansatte/Toppfotball-og-Landslag/a-landslagene/;Offizielle Verbands-/Nationalteamseite
3;Norway;Kent Bergersen;Assistant Coach / Assistenttrener A-herrer;Assistant Coach;UEFA;NFF;https://www.fotball.no/tema/om-nff/ansatte/Toppfotball-og-Landslag/a-landslagene/;Offizielle Verbands-/Nationalteamseite
4;Norway;Ståle Solbakken;Head Coach;Head Coach;UEFA;;https://www.uefa.com/european-qualifiers/news/029f-1f318027c4dd-8e9bab478b48-1000--world-cup-2026-which-european-teams-have-qualified/;"UEFA-Team offiziell qualifiziert; Trainer aus aktueller WM-Coach-Liste"
5;Norway;Ståle Solbakken;Head Coach / Landslagssjef A-herrer;Head Coach;UEFA;NFF;https://www.fotball.no/tema/om-nff/ansatte/Toppfotball-og-Landslag/a-landslagene/;Offizielle Verbands-/Nationalteamseite
6;Norway;Truls Dæhli;Sporting Project Lead World Cup 2026 / Sportslig prosjektleder VM 2026;Association Leadership;UEFA;NFF;https://www.fotball.no/tema/om-nff/ansatte/Toppfotball-og-Landslag/a-landslagene/;Offizielle Verbands-/Nationalteamseite
1;Portugal;Austin MacPhee;Technical Staff / Set-piece specialist;Assistant Coach;UEFA;FPF;https://www.fpf.pt/pt/News/Todas-as-not%C3%ADcias/Not%C3%ADcia/news/48232;Offizielle Verbands-/Nationalteamseite
2;Portugal;Iñaki Vergara;Technical Staff;Assistant Coach;UEFA;FPF;https://www.fpf.pt/pt/News/Todas-as-not%C3%ADcias/Not%C3%ADcia/news/56909;"Offizielle FPF-Meldung; individuelle Rolle im Suchauszug nicht näher spezifiziert"
3;Portugal;Jesus Seba Hernandez;Technical Staff;Assistant Coach;UEFA;FPF;https://www.fpf.pt/pt/News/Todas-as-not%C3%ADcias/Not%C3%ADcia/news/56909;"Offizielle FPF-Meldung; individuelle Rolle im Suchauszug nicht näher spezifiziert"
4;Portugal;Pedro Proença;Association President;Association Leadership;UEFA;;https://inside.fifa.com/en/associations/POR/organisation;FIFA-Verbandsseite
5;Portugal;Ricardo Carvalho;Technical Staff;Assistant Coach;UEFA;FPF;https://www.fpf.pt/pt/News/Todas-as-not%C3%ADcias/Not%C3%ADcia/news/56909;"Offizielle FPF-Meldung; individuelle Rolle im Suchauszug nicht näher spezifiziert"
6;Portugal;Richard Evans;Technical Staff;Assistant Coach;UEFA;FPF;https://www.fpf.pt/pt/News/Todas-as-not%C3%ADcias/Not%C3%ADcia/news/56909;"Offizielle FPF-Meldung; individuelle Rolle im Suchauszug nicht näher spezifiziert"
7;Portugal;Roberto Martínez;Head Coach;Head Coach;UEFA;;https://www.uefa.com/european-qualifiers/news/029f-1f318027c4dd-8e9bab478b48-1000--world-cup-2026-which-european-teams-have-qualified/;"UEFA-Team offiziell qualifiziert; Trainer aus aktueller WM-Coach-Liste"
8;Portugal;Roberto Martínez;Head Coach / Selecionador Nacional;Head Coach;UEFA;FPF;https://www.fpf.pt/pt/Sele%C3%A7%C3%B5es/Futebol-Masculino/Sele%C3%A7%C3%A3o-A/Equipa-t%C3%A9cnica;Offizielle Verbands-/Nationalteamseite
9;Portugal;Stijn Campo;Technical Staff;Assistant Coach;UEFA;FPF;https://www.fpf.pt/pt/News/Todas-as-not%C3%ADcias/Not%C3%ADcia/news/56909;"Offizielle FPF-Meldung; individuelle Rolle im Suchauszug nicht näher spezifiziert"
1;Scotland;Alan Irvine;Assistant Coach;Assistant Coach;UEFA;Scottish FA;https://www.scottishfa.co.uk/en/news/steven-naismith-and-andrew-hughes-added-to-steve-clarkes-backroom-team;"Official Scottish FA article; mentioned as assistant coach"
2;Scotland;Andrew Hughes;Set-piece Coach;Assistant Coach;UEFA;Scottish FA;https://www.scottishfa.co.uk/en/news/steven-naismith-and-andrew-hughes-added-to-steve-clarkes-backroom-team;Official Scottish FA article
3;Scotland;Chris Woods;Goalkeeping Coach;Goalkeeping Coach;UEFA;Scottish FA;https://www.scottishfa.co.uk/en/news/steve-clarke-extends-contract-to-lead-uefa-euro-2024-bid;Official Scottish FA article
4;Scotland;Steve Clarke;Head Coach;Head Coach;UEFA;;https://www.uefa.com/european-qualifiers/news/029f-1f318027c4dd-8e9bab478b48-1000--world-cup-2026-which-european-teams-have-qualified/;"UEFA-Team offiziell qualifiziert; Trainer aus aktueller WM-Coach-Liste"
5;Scotland;Steve Clarke;Head Coach;Head Coach;UEFA;Scottish FA;https://www.scottishfa.co.uk/en/news/steve-clarke-extends-contract-to-lead-uefa-euro-2024-bid;Official Scottish FA article
6;Scotland;Steven Naismith;Assistant Coach;Assistant Coach;UEFA;Scottish FA;https://www.scottishfa.co.uk/en/news/steven-naismith-and-andrew-hughes-added-to-steve-clarkes-backroom-team;Official Scottish FA article
1;Spain;Carlos Alberto Cruz Carbonero;Fitness Coach / Preparador físico;Fitness/Performance Coach;UEFA;RFEF;https://rfef.es/es/noticias/este-el-nuevo-cuerpo-tecnico-de-la-seleccion;Offizielle Verbands-/Nationalteamseite
2;Spain;Javier López Vallejo;Psychologist;Medical/Physio;UEFA;RFEF;https://rfef.es/es/noticias/este-el-nuevo-cuerpo-tecnico-de-la-seleccion;Offizielle Verbands-/Nationalteamseite
3;Spain;Juan José González Argüelles;Second Coach / Segundo entrenador;Assistant Coach;UEFA;RFEF;https://rfef.es/es/noticias/luis-de-la-fuente-reorganiza-su-cuerpo-tecnico-juanjo-gonzalez-segundo-entrenador;RFEF-Meldung 2025: befördert zum zweiten Trainer
4;Spain;Juanjo González Argüelles;Assistant Coach;Assistant Coach;UEFA;;https://rfef.es/en/noticias/luis-de-la-fuente-reorganises-his-coaching-staff;Offizielle RFEF-Meldung
5;Spain;Luis de la Fuente;Head Coach;Head Coach;UEFA;;https://www.uefa.com/european-qualifiers/news/029f-1f318027c4dd-8e9bab478b48-1000--world-cup-2026-which-european-teams-have-qualified/;"UEFA-Team offiziell qualifiziert; Trainer aus aktueller WM-Coach-Liste"
6;Spain;Luis de la Fuente;Head Coach / Seleccionador nacional;Head Coach;UEFA;RFEF;https://rfef.es/es/noticias/este-el-nuevo-cuerpo-tecnico-de-la-seleccion;Offizielle Verbands-/Nationalteamseite
7;Spain;Miguel Ángel España Rosado;Goalkeeping Coach / Preparador de porteros;Goalkeeping Coach;UEFA;RFEF;https://rfef.es/es/noticias/este-el-nuevo-cuerpo-tecnico-de-la-seleccion;Offizielle Verbands-/Nationalteamseite
8;Spain;Pablo Peña Delgado;Analysis Coordinator / Coordinador de análisis;Association Leadership;UEFA;RFEF;https://rfef.es/es/noticias/este-el-nuevo-cuerpo-tecnico-de-la-seleccion;Offizielle Verbands-/Nationalteamseite
9;Spain;Rafael Louzán;Association President;Association Leadership;UEFA;;https://inside.fifa.com/en/associations/ESP/organisation;FIFA-Verbandsseite
1;Sweden;Andreas Georgson;Set-piece Coach / Ansvarig fasta situationer;Assistant Coach;UEFA;SvFF;https://www.svenskfotboll.se/landslag/herr/herrlandslagets-ledare/;Offizielle Verbands-/Nationalteamseite
2;Sweden;Björn Hamberg;Assistant Head Coach / Assisterande förbundskapten;Assistant Coach;UEFA;SvFF;https://www.svenskfotboll.se/landslag/herr/herrlandslagets-ledare/;Offizielle Verbands-/Nationalteamseite
3;Sweden;Christoffer Bernspång;Analyst / Analytiker;Analyst;UEFA;SvFF;https://www.svenskfotboll.se/landslag/herr/herrlandslagets-ledare/;Offizielle Verbands-/Nationalteamseite
4;Sweden;Graham Potter;Head Coach;Head Coach;UEFA;;https://www.uefa.com/european-qualifiers/news/029f-1f318027c4dd-8e9bab478b48-1000--world-cup-2026-which-european-teams-have-qualified/;"UEFA-Team offiziell qualifiziert; Trainer aus aktueller WM-Coach-Liste"
5;Sweden;Graham Potter;Head Coach / Förbundskapten;Head Coach;UEFA;SvFF;https://www.svenskfotboll.se/landslag/herr/herrlandslagets-ledare/;Offizielle Verbands-/Nationalteamseite
6;Sweden;Jonas Werner;Doctor / Läkare;Medical/Physio;UEFA;SvFF;https://www.svenskfotboll.se/landslag/herr/herrlandslagets-ledare/;Offizielle Verbands-/Nationalteamseite
7;Sweden;Kim Källström;National Team Director SvFF / Landslagschef SvFF;Association Leadership;UEFA;SvFF;https://www.svenskfotboll.se/landslag/herr/herrlandslagets-ledare/;Offizielle Verbands-/Nationalteamseite
8;Sweden;Linus Kandolin;Goalkeeping Coach / Målvaktstränare;Goalkeeping Coach;UEFA;SvFF;https://www.svenskfotboll.se/landslag/herr/herrlandslagets-ledare/;Offizielle Verbands-/Nationalteamseite
9;Sweden;Niklas Egnell;Performance Manager;Fitness/Performance Coach;UEFA;SvFF;https://www.svenskfotboll.se/landslag/herr/herrlandslagets-ledare/;Offizielle Verbands-/Nationalteamseite
10;Sweden;Olle Ekman;Fitness Coach / Fystränare;Fitness/Performance Coach;UEFA;SvFF;https://www.svenskfotboll.se/landslag/herr/herrlandslagets-ledare/;Offizielle Verbands-/Nationalteamseite
11;Sweden;Peter Cratz;Doctor / Läkare;Medical/Physio;UEFA;SvFF;https://www.svenskfotboll.se/landslag/herr/herrlandslagets-ledare/;Offizielle Verbands-/Nationalteamseite
12;Sweden;Sebastian Borg;Analyst / Analytiker;Analyst;UEFA;SvFF;https://www.svenskfotboll.se/landslag/herr/herrlandslagets-ledare/;Offizielle Verbands-/Nationalteamseite
13;Sweden;Sebastian Larsson;Assistant Head Coach / Assisterande förbundskapten;Assistant Coach;UEFA;SvFF;https://www.svenskfotboll.se/landslag/herr/herrlandslagets-ledare/;Offizielle Verbands-/Nationalteamseite
14;Sweden;Stefan Pettersson;Men's National Team Manager / Herrlandslagschef;Team Manager/Administration;UEFA;SvFF;https://www.svenskfotboll.se/landslag/herr/herrlandslagets-ledare/;Offizielle Verbands-/Nationalteamseite
1;Switzerland;Damien Mollard;Team Manager;Team Manager/Administration;UEFA;SFV;https://www.football.ch/sfv/nationalteams/a-team/team.aspx;Offizielle Verbands-/Nationalteamseite
2;Switzerland;Davide Callà;Assistant Coach / Assistent;Assistant Coach;UEFA;SFV;https://www.football.ch/sfv/nationalteams/a-team/team.aspx;Offizielle Verbands-/Nationalteamseite
3;Switzerland;Eduardo Parra Garcia;Fitness Coach;Fitness/Performance Coach;UEFA;SFV;https://www.football.ch/sfv/nationalteams/a-team/team.aspx;Offizielle Verbands-/Nationalteamseite
4;Switzerland;Julian Lauer;Video Analyst;Analyst;UEFA;SFV;https://www.football.ch/sfv/nationalteams/a-team/team.aspx;Offizielle Verbands-/Nationalteamseite
5;Switzerland;Kevin Ehmes;Match and Video Analyst;Analyst;UEFA;SFV;https://www.football.ch/sfv/nationalteams/a-team/team.aspx;Offizielle Verbands-/Nationalteamseite
6;Switzerland;Murat Yakin;Head Coach;Head Coach;UEFA;;https://www.uefa.com/european-qualifiers/news/029f-1f318027c4dd-8e9bab478b48-1000--world-cup-2026-which-european-teams-have-qualified/;"UEFA-Team offiziell qualifiziert; Trainer aus aktueller WM-Coach-Liste"
7;Switzerland;Murat Yakin;Head Coach / Trainer;Head Coach;UEFA;SFV;https://www.football.ch/sfv/nationalteams/a-team/team.aspx;Offizielle Verbands-/Nationalteamseite
8;Switzerland;Patrick Foletti;Goalkeeping Coach;Goalkeeping Coach;UEFA;SFV;https://www.football.ch/sfv/nationalteams/a-team/team.aspx;Offizielle Verbands-/Nationalteamseite
1;Türkiye;Daniele Russo;Assistant Coach / Yardımcı Antrenör;Assistant Coach;UEFA;TFF;https://www.tff.org/default.aspx?pageID=406;Offizielle Verbands-/Nationalteamseite
2;Türkiye;Hakan Balta;Assistant Coach / Yardımcı Antrenör;Assistant Coach;UEFA;TFF;https://www.tff.org/default.aspx?pageID=406;Offizielle Verbands-/Nationalteamseite
3;Türkiye;Mert Başoğlu;Staff / role listed on official technical staff page;Assistant Coach;UEFA;TFF;https://www.tff.org/default.aspx?pageID=406;Offizielle Verbands-/Nationalteamseite
4;Türkiye;Pierpaolo Polino;Athletic Performance Coach / Atletik Performans Antrenörü;Fitness/Performance Coach;UEFA;TFF;https://www.tff.org/default.aspx?pageID=406;Offizielle Verbands-/Nationalteamseite
5;Türkiye;Vincenzo Montella;Head Coach;Head Coach;UEFA;;https://www.uefa.com/european-qualifiers/news/029f-1f318027c4dd-8e9bab478b48-1000--world-cup-2026-which-european-teams-have-qualified/;"UEFA-Team offiziell qualifiziert; Trainer aus aktueller WM-Coach-Liste"
6;Türkiye;Vincenzo Montella;Head Coach / Teknik Direktör;Head Coach;UEFA;TFF;https://www.tff.org/default.aspx?pageID=406;Offizielle Verbands-/Nationalteamseite
