No.	Country	Pos.	Player	Day	Month	Year	age	Club
1	Algeria	GK	MASTIL Melvin	19	February	2000	26	FC Stade Nyonnais (SUI)
2	Algeria	DF	MANDI Aissa	22	October	1991	34	Lille OSC (FRA)
3	Algeria	DF	ABADA Achraf	15	June	1999	26	USM Alger (ALG)
4	Algeria	DF	TOUGAI Mohamed Amine	22	January	2000	26	Espérance De Tunisie (TUN)
5	Algeria	DF	BELAID Zineddine	20	March	1999	27	JS Kabylie (ALG)
6	Algeria	MF	ZERROUKI Ramiz	26	May	1998	28	FC Twente (NED)
7	Algeria	FW	MAHREZ Riyad	21	February	1991	35	Al Ahli FC (KSA)
8	Algeria	MF	AOUAR Houssem	30	June	1998	27	Al Ittihad (KSA)
9	Algeria	FW	GOUIRI Amine	16	February	2000	26	Olympique Marseille (FRA)
10	Algeria	MF	CHAIBI Fares	28	November	2002	23	Eintracht Frankfurt (GER)
11	Algeria	FW	HADJ MOUSSA Anis	11	February	2002	24	Feyenoord Rotterdam (NED)
12	Algeria	FW	BENBOUALI Nadhir	17	April	2000	26	Györi ETO FC (HUN)
13	Algeria	DF	HADJAM Jaouen	26	March	2003	23	BSC Young Boys (SUI)
14	Algeria	MF	BOUDAOUI Hicham	23	September	1999	26	OGC Nice (FRA)
15	Algeria	DF	AIT-NOURI Rayan	6	June	2001	25	Manchester City FC (ENG)
16	Algeria	GK	BENBOT Oussama	11	October	1994	31	USM Alger (ALG)
17	Algeria	DF	BELGHALI Ra k	7	June	2002	24	Hellas Verona FC (ITA)
18	Algeria	FW	AMOURA Mohamed	9	May	2000	26	VfL Wolfsburg (GER)
19	Algeria	MF	BENTALEB Nabil	24	November	1994	31	Lille OSC (FRA)
20	Algeria	FW	BOULBINA Adil	2	May	2003	23	Al Duhail SC (QAT)
21	Algeria	DF	BENSEBAINI Ramy	16	April	1995	31	Borussia Dortmund (GER)
22	Algeria	MF	MAZA Ibrahim	24	November	2005	20	Bayer 04 Leverkusen (GER)
23	Algeria	GK	ZIDANE Luca	13	May	1998	28	Granada CF (ESP)
24	Algeria	MF	TITRAOUI Yassine	26	August	2003	22	Sporting Charleroi (BEL)
25	Algeria	FW	GHEDJEMIS Fares	6	September	2002	23	Frosinone (ITA)
26	Algeria	DF	CHERGUI Samir	6	February	1999	27	Paris FC (FRA)
1	Argentina	GK	MUSSO Juan	6	May	1994	32	Atlético De Madrid (ESP)
2	Argentina	DF	BALERDI Leonardo	26	January	1999	27	Olympique Marseille (FRA)
3	Argentina	DF	TAGLIAFICO Nicolas	31	August	1992	33	Olympique Lyonnais (FRA)
4	Argentina	DF	MONTIEL Gonzalo	1	January	1997	29	CA River Plate (ARG)
5	Argentina	MF	PAREDES Leandro	29	June	1994	31	CA Boca Juniors (ARG)
6	Argentina	DF	MARTINEZ Lisandro	18	January	1998	28	Manchester United FC (ENG)
7	Argentina	MF	DE PAUL Rodrigo	24	May	1994	32	Inter Miami CF (USA)
8	Argentina	MF	BARCO Valentin	23	July	2004	21	RC Strasbourg (FRA)
9	Argentina	FW	ALVAREZ Julian	31	January	2000	26	Atlético De Madrid (ESP)
10	Argentina	FW	MESSI Lionel	24	June	1987	38	Inter Miami CF (USA)
11	Argentina	MF	LO CELSO Giovani	9	April	1996	30	Real Betis (ESP)
12	Argentina	GK	RULLI Geronimo	20	May	1992	34	Olympique Marseille (FRA)
13	Argentina	DF	ROMERO Cristian	27	April	1998	28	Tottenham Hotspur FC (ENG)
14	Argentina	MF	PALACIOS Exequiel	5	October	1998	27	Bayer 04 Leverkusen (GER)
15	Argentina	MF	GONZALEZ Nico	6	April	1998	28	Atlético De Madrid (ESP)
16	Argentina	FW	ALMADA Thiago	26	April	2001	25	Atlético De Madrid (ESP)
17	Argentina	FW	SIMEONE Giuliano	18	December	2002	23	Atlético De Madrid (ESP)
18	Argentina	FW	PAZ Nico	8	September	2004	21	Como (ITA)
19	Argentina	DF	OTAMENDI Nicolas	12	February	1988	38	SL Ben ca (POR)
20	Argentina	MF	MAC ALLISTER Alexis	24	December	1998	27	Liverpool FC (ENG)
21	Argentina	FW	LOPEZ Jose Manuel	6	December	2000	25	SE Palmeiras (BRA)
22	Argentina	FW	MARTINEZ Lautaro	22	August	1997	28	FC Internazionale Milano (ITA)
23	Argentina	GK	MARTINEZ Emiliano	2	September	1992	33	Aston Villa FC (ENG)
24	Argentina	MF	FERNANDEZ Enzo	17	January	2001	25	Chelsea FC (ENG)
25	Argentina	DF	MEDINA Facundo	28	May	1999	27	Olympique Marseille (FRA)
26	Argentina	DF	MOLINA Nahuel	6	April	1998	28	Atlético De Madrid (ESP)
1	Australia	GK	RYAN Mathew	8	April	1992	34	Levante UD (ESP)
2	Australia	DF	DEGENEK Milos	28	April	1994	32	APOEL FC (CYP)
3	Australia	DF	CIRCATI Alessandro	10	October	2003	22	Parma (ITA)
4	Australia	DF	ITALIANO Jacob	30	July	2001	24	Grazer AK (AUT)
5	Australia	DF	BOS Jordan	29	October	2002	23	Feyenoord Rotterdam (NED)
6	Australia	DF	GERIA Jason	10	May	1993	33	Albirex Niigata (JPN)
7	Australia	FW	LECKIE Mathew	4	February	1991	35	Melbourne City FC (AUS)
8	Australia	MF	METCALFE Connor	5	November	1999	26	FC St. Pauli (GER)
9	Australia	FW	TOURE Mohamed	26	March	2004	22	Norwich City FC (ENG)
10	Australia	FW	HRUSTIC Ajdin	5	July	1996	29	SC Heracles Almelo (NED)
11	Australia	FW	MABIL Awer	15	September	1995	30	CD Castellón (ESP)
12	Australia	GK	IZZO Paul	6	January	1995	31	Randers FC (DEN)
13	Australia	MF	ONEILL Aiden	4	July	1998	27	New York City FC (USA)
14	Australia	MF	DEVLIN Cameron	7	June	1998	28	Heart Of Midlothian FC (SCO)
15	Australia	DF	TREWIN Kai	18	May	2001	25	New York City FC (USA)
16	Australia	DF	BEHICH Aziz	16	December	1990	35	Melbourne City FC (AUS)
17	Australia	FW	IRANKUNDA Nestory	9	February	2006	20	Watford FC (ENG)
18	Australia	GK	BEACH Patrick	6	August	2003	22	Melbourne City FC (AUS)
19	Australia	DF	SOUTTAR Harry	22	October	1998	27	Leicester City FC (ENG)
20	Australia	FW	VOLPATO Cristian	15	November	2003	22	US Sassuolo (ITA)
21	Australia	DF	BURGESS Cameron	21	October	1995	30	Swansea City AFC (WAL)
22	Australia	MF	IRVINE Jackson	7	March	1993	33	FC St. Pauli (GER)
23	Australia	FW	VELUPILLAY Nishan	7	May	2001	25	Melbourne Victory FC (AUS)
24	Australia	MF	OKON-ENGSTLER Paul	24	January	2005	21	Sydney FC (AUS)
25	Australia	DF	HERRINGTON Lucas	5	September	2007	18	Colorado Rapids (USA)
26	Australia	FW	YENGI Tete	28	November	2000	25	FC Machida Zelvia (JPN)
1	Austria	GK	SCHLAGER Alexander	1	February	1996	30	FC Red Bull Salzburg (AUT)
2	Austria	DF	AFFENGRUBER David	19	March	2001	25	Elche CF (ESP)
3	Austria	DF	DANSO Kevin	19	September	1998	27	Tottenham Hotspur FC (ENG)
4	Austria	MF	SCHLAGER Xaver	28	September	1997	28	RB Leipzig (GER)
5	Austria	DF	POSCH Stefan	14	May	1997	29	1. FSV Mainz 05 (GER)
6	Austria	MF	SEIWALD Nicolas	4	May	2001	25	RB Leipzig (GER)
7	Austria	FW	ARNAUTOVIC Marko	19	April	1989	37	FK Crvena Zvezda (SRB)
8	Austria	DF	ALABA David	24	June	1992	33	Real Madrid C. F. (ESP)
9	Austria	MF	SABITZER Marcel	17	March	1994	32	Borussia Dortmund (GER)
10	Austria	MF	GRILLITSCH Florian	7	August	1995	30	SC Braga (POR)
11	Austria	FW	GREGORITSCH Michael	18	April	1994	32	FC Augsburg (GER)
12	Austria	GK	WIEGELE Florian	21	March	2001	25	FC Viktoria Plzeň (CZE)
13	Austria	GK	PENTZ Patrick	2	January	1997	29	Brøndby IF (DEN)
14	Austria	FW	KALAJDZIC Sasa	7	July	1997	28	LASK Linz (AUT)
15	Austria	DF	LIENHART Philipp	11	July	1996	29	SC Freiburg (GER)
16	Austria	DF	MWENE Phillip	29	January	1994	32	1. FSV Mainz 05 (GER)
17	Austria	MF	CHUKWUEMEKA Carney	20	October	2003	22	Borussia Dortmund (GER)
18	Austria	MF	SCHMID Romano	27	January	2000	26	SV Werder Bremen (GER)
19	Austria	MF	BAUMGARTNER Christoph	1	August	1999	26	RB Leipzig (GER)
20	Austria	MF	LAIMER Konrad	27	May	1997	29	FC Bayern München (GER)
21	Austria	FW	WIMMER Patrick	30	May	2001	25	VfL Wolfsburg (GER)
22	Austria	MF	PRASS Alexander	26	May	2001	25	TSG Hoffenheim (GER)
23	Austria	DF	FRIEDL Marco	16	March	1998	28	SV Werder Bremen (GER)
24	Austria	MF	WANNER Paul	23	December	2005	20	PSV Eindhoven (NED)
25	Austria	DF	SVOBODA Michael	15	October	1998	27	Venezia FC (ITA)
26	Austria	MF	SCHOEPF Alessandro	7	February	1994	32	Wolfsberger AC (AUT)
1	Belgium	GK	COURTOIS Thibaut	11	May	1992	34	Real Madrid C. F. (ESP)
2	Belgium	DF	DEBAST Zeno	24	October	2003	22	Sporting CP (POR)
3	Belgium	DF	THEATE Arthur	25	May	2000	26	Eintracht Frankfurt (GER)
4	Belgium	DF	MECHELE Brandon	28	January	1993	33	Club Brugge (BEL)
5	Belgium	DF	DE CUYPER Maxim	22	December	2000	25	Brighton & Hove Albion FC (ENG)
6	Belgium	MF	WITSEL Axel	12	January	1989	37	Girona FC (ESP)
7	Belgium	MF	DE BRUYNE Kevin	28	June	1991	34	SSC Napoli (ITA)
8	Belgium	MF	TIELEMANS Youri	7	May	1997	29	Aston Villa FC (ENG)
9	Belgium	FW	LUKAKU Romelu	13	May	1993	33	SSC Napoli (ITA)
10	Belgium	FW	TROSSARD Leandro	4	December	1994	31	Arsenal FC (ENG)
11	Belgium	FW	DOKU Jeremy	27	May	2002	24	Manchester City FC (ENG)
12	Belgium	GK	LAMMENS Senne	7	July	2002	23	Manchester United FC (ENG)
13	Belgium	GK	PENDERS Mike	31	July	2005	20	RC Strasbourg (FRA)
14	Belgium	FW	LUKEBAKIO Dodi	24	September	1997	28	SL Ben ca (POR)
15	Belgium	DF	MEUNIER Thomas	12	September	1991	34	Lille OSC (FRA)
16	Belgium	DF	DE WINTER Koni	12	June	2002	23	AC Milan (ITA)
17	Belgium	FW	DE KETELAERE Charles	10	March	2001	25	Atalanta Bergamo (ITA)
18	Belgium	DF	SEYS Joaquin	28	March	2005	21	Club Brugge (BEL)
19	Belgium	MF	MOREIRA Diego	6	August	2004	21	RC Strasbourg (FRA)
20	Belgium	MF	VANAKEN Hans	24	August	1992	33	Club Brugge (BEL)
21	Belgium	DF	CASTAGNE Timothy	5	December	1995	30	Fulham FC (ENG)
22	Belgium	MF	SAELEMAEKERS Alexis	27	June	1999	26	AC Milan (ITA)
23	Belgium	MF	RASKIN Nicolas	23	February	2001	25	Rangers FC (SCO)
24	Belgium	MF	ONANA Amadou	16	August	2001	24	Aston Villa FC (ENG)
25	Belgium	DF	NGOY Nathan	10	June	2003	23	Lille OSC (FRA)
26	Belgium	FW	FERNANDEZ-PARDO Matias	3	February	2005	21	Lille OSC (FRA)
1	Bosnia And Herzegovina	GK	VASILJ Nikola	2	December	1995	30	FC St. Pauli (GER)
2	Bosnia And Herzegovina	DF	MUJAKIC Nihad	15	April	1998	28	Gaziantep FK (TUR)
3	Bosnia And Herzegovina	DF	HADZIKADUNIC Dennis	9	July	1998	27	UC Sampdoria (ITA)
4	Bosnia And Herzegovina	DF	MUHAREMOVIC Tarik	28	February	2003	23	US Sassuolo (ITA)
5	Bosnia And Herzegovina	DF	KOLASINAC Sead	20	June	1993	32	Atalanta Bergamo (ITA)
6	Bosnia And Herzegovina	MF	TAHIROVIC Benjamin	3	March	2003	23	Brøndby IF (DEN)
7	Bosnia And Herzegovina	DF	DEDIC Amar	18	August	2002	23	SL Ben ca (POR)
8	Bosnia And Herzegovina	MF	GIGOVIC Armin	6	April	2002	24	BSC Young Boys (SUI)
9	Bosnia And Herzegovina	FW	BAZDAR Samed	31	January	2004	22	Jagiellonia Białystok (POL)
10	Bosnia And Herzegovina	FW	DEMIROVIC Ermedin	25	March	1998	28	VfB Stuttgart (GER)
11	Bosnia And Herzegovina	FW	DZEKO Edin	17	March	1986	40	FC Schalke 04 (GER)
12	Bosnia And Herzegovina	GK	JURKAS Mladen	7	October	2007	18	FK Borac Banja Luka (BIH)
13	Bosnia And Herzegovina	MF	BASIC Ivan	30	April	2002	24	FC Astana (KAZ)
14	Bosnia And Herzegovina	MF	SUNJIC Ivan	9	October	1996	29	Pafos FC (CYP)
15	Bosnia And Herzegovina	MF	MEMIC Amar	20	January	2001	25	FC Viktoria Plzeň (CZE)
16	Bosnia And Herzegovina	MF	HADZIAHMETOVIC Amir	8	March	1997	29	Hull City FC (ENG)
17	Bosnia And Herzegovina	MF	BURNIC Dzenis	22	May	1998	28	Karlsruher SC (GER)
18	Bosnia And Herzegovina	DF	KATIC Nikola	10	October	1996	29	FC Schalke 04 (GER)
19	Bosnia And Herzegovina	FW	ALAJBEGOVIC Kerim	21	September	2007	18	FC Red Bull Salzburg (AUT)
20	Bosnia And Herzegovina	FW	BAJRAKTAREVIC Esmir	10	March	2005	21	PSV Eindhoven (NED)
21	Bosnia And Herzegovina	DF	RADELJIC Stjepan	5	September	1997	28	HNK Rijeka (CRO)
22	Bosnia And Herzegovina	GK	ZLOMISLIC Martin	16	August	1998	27	HNK Rijeka (CRO)
23	Bosnia And Herzegovina	FW	TABAKOVIC Haris	20	June	1994	31	Borussia Mönchengladbach (GER)
24	Bosnia And Herzegovina	DF	CELIK Nidal	17	July	2006	19	RC Lens (FRA)
25	Bosnia And Herzegovina	FW	LUKIC Jovo	28	November	1998	27	Universitatea Cluj (ROU)
26	Bosnia And Herzegovina	MF	MAHMIC Ermin	14	March	2005	21	FC Slovan Liberec (CZE)
1	Brazil	GK	ALISSON	2	October	1992	33	Liverpool FC (ENG)
2	Brazil	DF	WESLEY	6	September	2003	22	AS Roma (ITA)
3	Brazil	DF	GABRIEL MAGALHAES	19	December	1997	28	Arsenal FC (ENG)
4	Brazil	DF	MARQUINHOS	14	May	1994	32	Paris Saint-Germain (FRA)
5	Brazil	MF	CASEMIRO	23	February	1992	34	Manchester United FC (ENG)
6	Brazil	DF	ALEX SANDRO	26	January	1991	35	CR Flamengo (BRA)
7	Brazil	FW	VINICIUS JUNIOR	12	July	2000	25	Real Madrid C. F. (ESP)
8	Brazil	MF	BRUNO GUIMARAES	16	November	1997	28	Newcastle United FC (ENG)
9	Brazil	FW	MATHEUS CUNHA	27	May	1999	27	Manchester United FC (ENG)
10	Brazil	FW	NEYMAR JR	5	February	1992	34	Santos FC (BRA)
11	Brazil	FW	RAPHINHA	14	December	1996	29	FC Barcelona (ESP)
12	Brazil	GK	WEVERTON	13	December	1987	38	Grêmio FBPA (BRA)
13	Brazil	DF	DANILO	15	July	1991	34	CR Flamengo (BRA)
14	Brazil	DF	BREMER	18	March	1997	29	Juventus FC (ITA)
15	Brazil	DF	LEO PEREIRA	31	January	1996	30	CR Flamengo (BRA)
16	Brazil	DF	DOUGLAS SANTOS	22	March	1994	32	FC Zenit St. Petersburg (RUS)
17	Brazil	MF	FABINHO	23	October	1993	32	Al Ittihad (KSA)
18	Brazil	MF	DANILO SANTOS	29	April	2001	25	Botafogo (BRA)
19	Brazil	FW	ENDRICK	21	July	2006	19	Olympique Lyonnais (FRA)
20	Brazil	MF	LUCAS PAQUETA	27	August	1997	28	CR Flamengo (BRA)
21	Brazil	FW	LUIZ HENRIQUE	2	January	2001	25	FC Zenit St. Petersburg (RUS)
22	Brazil	FW	GABRIEL MARTINELLI	18	June	2001	24	Arsenal FC (ENG)
23	Brazil	GK	EDERSON	17	August	1993	32	Fenerbahçe SK (TUR)
24	Brazil	DF	ROGER IBANEZ	23	November	1998	27	Al Ahli FC (KSA)
25	Brazil	FW	IGOR THIAGO	26	June	2001	24	Brentford FC (ENG)
26	Brazil	FW	RAYAN	3	August	2006	19	AFC Bournemouth (ENG)
1	Cabo Verde	GK	VOZINHA	3	June	1986	40	GD Chaves (POR)
2	Cabo Verde	DF	STOPIRA	20	May	1988	38	SCU Torreense (POR)
3	Cabo Verde	DF	DINEY BORGES	17	January	1995	31	Al Bataeh Club (UAE)
4	Cabo Verde	DF	PICO LOPES	17	June	1992	33	Shamrock Rovers FC (IRL)
5	Cabo Verde	DF	LOGAN COSTA	1	April	2001	25	Villarreal CF (ESP)
6	Cabo Verde	MF	KEVIN PINA	27	January	1997	29	FC Krasnodar (RUS)
7	Cabo Verde	MF	JOVANE CABRAL	14	June	1998	27	CF Estrela Da Amadora (POR)
8	Cabo Verde	MF	JOAO PAULO	26	May	1998	28	FC FCSB (ROU)
9	Cabo Verde	FW	GILSON BENCHIMOL	29	December	2001	24	FC Akron Tolyatti (RUS)
10	Cabo Verde	MF	JAMIRO MONTEIRO	23	November	1993	32	PEC Zwolle (NED)
11	Cabo Verde	MF	GARRY RODRIGUES	27	November	1990	35	Apollon Limassol (CYP)
12	Cabo Verde	GK	MARCIO ROSA	23	February	1997	29	PFC Montana (BUL)
13	Cabo Verde	DF	SIDNY LOPES CABRAL	18	September	2002	23	SL Ben ca (POR)
14	Cabo Verde	MF	DEROY DUARTE	4	July	1999	26	PFC Ludogorets Razgrad (BUL)
15	Cabo Verde	MF	LAROS DUARTE	28	February	1997	29	Puskás Akadémia FC (HUN)
16	Cabo Verde	MF	YANNICK SEMEDO	29	December	1995	30	SC Farense (POR)
17	Cabo Verde	MF	WILLY SEMEDO	27	April	1994	32	AC Omonia (CYP)
18	Cabo Verde	MF	TELMO ARCANJO	21	June	2001	24	Vitória SC (POR)
19	Cabo Verde	FW	DAILON LIVRAMENTO	4	May	2001	25	Casa Pia AC (POR)
20	Cabo Verde	FW	RYAN MENDES	8	January	1990	36	Iğdır FK (TUR)
21	Cabo Verde	MF	NUNO DA COSTA	10	February	1991	35	Başakşehir FK (TUR)
22	Cabo Verde	DF	STEVEN MOREIRA	13	August	1994	31	Columbus Crew (USA)
23	Cabo Verde	GK	CJ DOS SANTOS	24	August	2000	25	San Diego FC (USA)
24	Cabo Verde	DF	WAGNER PINA	3	November	2002	23	Trabzonspor (TUR)
25	Cabo Verde	DF	KELVIN PIRES	5	June	2000	26	SJK (FIN)
26	Cabo Verde	MF	HELIO VARELA	3	May	2002	24	Maccabi Tel-Aviv FC (ISR)
1	Canada	GK	ST. CLAIR Dayne	9	May	1997	29	Inter Miami CF (USA)
2	Canada	DF	JOHNSTON Alistair	8	October	1998	27	Celtic FC (SCO)
3	Canada	DF	JONES Al e	7	October	1997	28	Middlesbrough FC (ENG)
4	Canada	DF	DE FOUGEROLLES Luc	12	October	2005	20	FCV Dender EH (BEL)
5	Canada	DF	WATERMAN Joel	24	January	1996	30	Chicago Fire FC (USA)
6	Canada	MF	CHOINIERE Mathieu	7	February	1999	27	LAFC (USA)
7	Canada	MF	EUSTAQUIO Stephen	21	December	1996	29	LAFC (USA)
8	Canada	MF	KONE Ismael	16	June	2002	23	US Sassuolo (ITA)
9	Canada	FW	LARIN Cyle	17	April	1995	31	Southampton FC (ENG)
10	Canada	FW	DAVID Jonathan	14	January	2000	26	Juventus FC (ITA)
11	Canada	MF	MILLAR Liam	27	September	1999	26	Hull City FC (ENG)
12	Canada	FW	OLUWASEYI Tani	15	May	2000	26	Villarreal CF (ESP)
13	Canada	DF	CORNELIUS Derek	25	November	1997	28	Rangers FC (SCO)
14	Canada	MF	SHAFFELBURG Jacob	26	November	1999	26	LAFC (USA)
15	Canada	DF	BOMBITO Moise	30	March	2000	26	OGC Nice (FRA)
16	Canada	GK	CREPEAU Maxime	11	May	1994	32	Orlando City SC (USA)
17	Canada	FW	BUCHANAN Tajon	8	February	1999	27	Villarreal CF (ESP)
18	Canada	GK	GOODMAN Owen	27	November	2003	22	Barnsley (ENG)
19	Canada	DF	DAVIES Alphonso	2	November	2000	25	FC Bayern München (GER)
20	Canada	FW	AHMED Ali	10	October	2000	25	Norwich City FC (ENG)
21	Canada	MF	OSORIO Jonathan	12	June	1992	33	Toronto FC (CAN)
22	Canada	DF	LARYEA Richie	7	January	1995	31	Toronto FC (CAN)
23	Canada	DF	SIGUR Niko	9	September	2003	22	HNK Hajduk Split (CRO)
24	Canada	FW	DAVID Promise	3	July	2001	24	Royale Union Saint-Gilloise (BEL)
25	Canada	MF	SALIBA Nathan	7	February	2004	22	RSC Anderlecht (BEL)
26	Canada	MF	FLORES Marcelo	1	October	2003	22	Tigres UANL (MEX)
1	Colombia	GK	OSPINA David	31	August	1988	37	Atlético Nacional (COL)
2	Colombia	DF	MUNOZ Daniel	26	May	1996	30	Crystal Palace FC (ENG)
3	Colombia	DF	LUCUMI Jhon	26	June	1998	27	Bologna FC (ITA)
4	Colombia	DF	ARIAS Santiago	13	January	1992	34	CA Independiente (ARG)
5	Colombia	MF	CASTANO Kevin	29	September	2000	25	CA River Plate (ARG)
6	Colombia	MF	RIOS Richard	2	June	2000	26	SL Ben ca (POR)
7	Colombia	FW	DIAZ Luis	13	January	1997	29	FC Bayern München (GER)
8	Colombia	MF	CARRASCAL Jorge	25	May	1998	28	CR Flamengo (BRA)
9	Colombia	FW	CORDOBA Jhon	11	May	1993	33	FC Krasnodar (RUS)
10	Colombia	MF	RODRIGUEZ James	12	July	1991	34	Minnesota United FC (USA)
11	Colombia	MF	ARIAS Jhon	21	September	1997	28	SE Palmeiras (BRA)
12	Colombia	GK	VARGAS Camilo	9	March	1989	37	Atlas FC (MEX)
13	Colombia	DF	MINA Yerry	23	September	1994	31	Cagliari (ITA)
14	Colombia	DF	PUERTA Gustavo	23	July	2003	22	Racing Santander (ESP)
15	Colombia	MF	PORTILLA Juan	12	September	1998	27	Athletico Paranaense (BRA)
16	Colombia	MF	LERMA Jefferson	25	October	1994	31	Crystal Palace FC (ENG)
17	Colombia	DF	MOJICA Johan	21	August	1992	33	RCD Mallorca (ESP)
18	Colombia	DF	DITTA Willer	23	January	1998	28	CF Cruz Azul (MEX)
19	Colombia	FW	HERNANDEZ Cucho	20	April	1999	27	Real Betis (ESP)
20	Colombia	MF	QUINTERO Juan	18	January	1993	33	CA River Plate (ARG)
21	Colombia	FW	CAMPAZ Jaminton	24	May	2000	26	CA Rosario Central (ARG)
22	Colombia	DF	MACHADO Deiver	2	September	1993	32	FC Nantes (FRA)
23	Colombia	DF	SANCHEZ Davinson	12	June	1996	29	Galatasaray SK (TUR)
24	Colombia	GK	MONTERO Alvaro	29	March	1995	31	CA Vélez Sars eld (ARG)
25	Colombia	FW	SUAREZ Luis	2	December	1997	28	Sporting CP (POR)
26	Colombia	FW	GOMEZ Andres	12	September	2002	23	CR Vasco Da Gama (BRA)
1	Congo DR	GK	MPASI Lionel	1	August	1994	31	Le Havre AC (FRA)
2	Congo DR	DF	WAN-BISSAKA Aaron	26	November	1997	28	West Ham United FC (ENG)
3	Congo DR	DF	KAPUADI Steve	30	April	1998	28	Widzew Łódź (POL)
4	Congo DR	DF	TUANZEBE Axel	14	November	1997	28	Burnley FC (ENG)
5	Congo DR	DF	BATUBINSIKA Dylan	15	February	1996	30	AEL FC (GRE)
6	Congo DR	MF	MUKAU Ngalayel	3	November	2004	21	Lille OSC (FRA)
7	Congo DR	MF	MBUKU Nathanael	16	March	2002	24	Montpellier HSC (FRA)
8	Congo DR	MF	MOUTOUSSAMY Samuel	12	August	1996	29	Atromitos FC (GRE)
9	Congo DR	FW	CIPENGA Brian	11	March	1998	28	CD Castellón (ESP)
10	Congo DR	MF	BONGONDA Theo	20	November	1995	30	FC Spartak Moscow (RUS)
11	Congo DR	FW	KAKUTA Gael	21	June	1991	34	AEL FC (GRE)
12	Congo DR	DF	KAYEMBE Joris	8	August	1994	31	KRC Genk (BEL)
13	Congo DR	FW	ELIA Meschack	6	August	1997	28	Alanyaspor (TUR)
14	Congo DR	MF	SADIKI Noah	17	December	2004	21	Sunderland AFC (ENG)
15	Congo DR	MF	TSHIBOLA Aaron	2	January	1995	31	Kilmarnock FC (SCO)
16	Congo DR	GK	FAYULU Timothy	24	July	1999	26	FC Noah (ARM)
17	Congo DR	FW	BAKAMBU Cedric	11	April	1991	35	Real Betis (ESP)
18	Congo DR	MF	PICKEL Charles	15	May	1997	29	RCD Espanyol (ESP)
19	Congo DR	FW	MAYELE Fiston	24	June	1994	31	Pyramids FC (EGY)
20	Congo DR	FW	WISSA Yoane	3	September	1996	29	Newcastle United FC (ENG)
21	Congo DR	GK	EPOLO Matthieu	15	January	2005	21	Standard Liège (BEL)
22	Congo DR	DF	MBEMBA Chancel	8	August	1994	31	Lille OSC (FRA)
23	Congo DR	FW	BANZA Simon	13	August	1996	29	Al Jazira (UAE)
24	Congo DR	DF	KALULU Gedeon	29	August	1997	28	Aris Limassol FC (CYP)
25	Congo DR	MF	KAYEMBE Edo	3	June	1998	28	Watford FC (ENG)
26	Congo DR	DF	MASUAKU Arthur	7	November	1993	32	RC Lens (FRA)
1	Ivoire	GK	FOFANA Yahia	21	August	2000	25	Çaykur Rizespor (TUR)
2	Ivoire	DF	DIOMANDE Ousmane	4	December	2003	22	Sporting CP (POR)
3	Ivoire	DF	KONAN Ghislain	27	December	1995	30	Gil Vicente FC (POR)
4	Ivoire	MF	SERI Jean Michael	19	July	1991	34	NK Maribor (SVN)
5	Ivoire	DF	SINGO Wilfried	25	December	2000	25	Galatasaray SK (TUR)
6	Ivoire	MF	FOFANA Seko	7	May	1995	31	FC Porto (POR)
7	Ivoire	DF	KOSSOUNOU Odilon	4	January	2001	25	Atalanta Bergamo (ITA)
8	Ivoire	MF	KESSIE Franck	19	December	1996	29	Al Ahli FC (KSA)
9	Ivoire	FW	BONNY Ange-Yoan	25	October	2003	22	FC Internazionale Milano (ITA)
10	Ivoire	FW	ADINGRA Simon	1	January	2002	24	AS Monaco (FRA)
11	Ivoire	FW	DIOMANDE Yan	14	November	2006	19	RB Leipzig (GER)
12	Ivoire	FW	WAHI Elye	2	January	2003	23	OGC Nice (FRA)
13	Ivoire	DF	OPERI Christopher	29	April	1997	29	Başakşehir FK (TUR)
14	Ivoire	FW	DIAKITE Oumar	20	December	2003	22	Cercle Brugge (BEL)
15	Ivoire	FW	DIALLO Amad	11	July	2002	23	Manchester United FC (ENG)
16	Ivoire	GK	KONE Mohamed	7	March	2002	24	Sporting Charleroi (BEL)
17	Ivoire	DF	DOUE Guela	17	October	2002	23	RC Strasbourg (FRA)
18	Ivoire	MF	SANGARE Ibrahim	2	December	1997	28	Nottingham Forest FC (ENG)
19	Ivoire	FW	PEPE Nicolas	29	May	1995	31	Villarreal CF (ESP)
20	Ivoire	DF	AGBADOU Emmanuel	17	June	1997	28	Beşiktaş JK (TUR)
21	Ivoire	DF	NDICKA Evan	20	August	1999	26	AS Roma (ITA)
22	Ivoire	FW	GUESSAND Evann	1	July	2001	24	Crystal Palace FC (ENG)
23	Ivoire	GK	LAFONT Alban	23	January	1999	27	Panathinaikos FC (GRE)
24	Ivoire	FW	TOURE Bazoumana	2	March	2006	20	TSG Hoffenheim (GER)
25	Ivoire	MF	GUIAGON Parfait	22	February	2001	25	Sporting Charleroi (BEL)
26	Ivoire	MF	OULAI Christ Inao	6	April	2006	20	Trabzonspor (TUR)
1	Croatia	GK	LIVAKOVIC Dominik	9	January	1995	31	GNK Dinamo Zagreb (CRO)
2	Croatia	DF	STANISIC Josip	2	April	2000	26	FC Bayern München (GER)
3	Croatia	DF	PONGRACIC Marin	11	September	1997	28	ACF Fiorentina (ITA)
4	Croatia	DF	GVARDIOL Josko	23	January	2002	24	Manchester City FC (ENG)
5	Croatia	DF	CALETA-CAR Duje	17	September	1996	29	Real Sociedad (ESP)
6	Croatia	DF	SUTALO Josip	28	February	2000	26	AFC Ajax (NED)
7	Croatia	MF	MORO Nikola	12	March	1998	28	Bologna FC (ITA)
8	Croatia	MF	KOVACIC Mateo	6	May	1994	32	Manchester City FC (ENG)
9	Croatia	FW	KRAMARIC Andrej	19	June	1991	34	TSG Hoffenheim (GER)
10	Croatia	MF	MODRIC Luka	9	September	1985	40	AC Milan (ITA)
11	Croatia	FW	BUDIMIR Ante	22	July	1991	34	CA Osasuna (ESP)
12	Croatia	GK	PANDUR Ivor	25	March	2000	26	Hull City FC (ENG)
13	Croatia	MF	VLASIC Nikola	4	October	1997	28	Torino FC (ITA)
14	Croatia	FW	PERISIC Ivan	2	February	1989	37	PSV Eindhoven (NED)
15	Croatia	MF	PASALIC Mario	9	February	1995	31	Atalanta Bergamo (ITA)
16	Croatia	MF	BATURINA Martin	16	February	2003	23	Como (ITA)
17	Croatia	MF	SUCIC Petar	25	October	2003	22	FC Internazionale Milano (ITA)
18	Croatia	DF	JAKIC Kristijan	14	May	1997	29	FC Augsburg (GER)
19	Croatia	MF	FRUK Toni	9	March	2001	25	HNK Rijeka (CRO)
20	Croatia	FW	MATANOVIC Igor	31	March	2003	23	SC Freiburg (GER)
21	Croatia	MF	SUCIC Luka	8	September	2002	23	Real Sociedad (ESP)
22	Croatia	DF	VUSKOVIC Luka	24	February	2007	19	Hamburger SV (GER)
23	Croatia	GK	KOTARSKI Dominik	10	February	2000	26	FC København (DEN)
24	Croatia	FW	PASALIC Marco	14	September	2000	25	Orlando City SC (USA)
25	Croatia	DF	ERLIC Martin	24	January	1998	28	FC Midtjylland (DEN)
26	Croatia	FW	MUSA Petar	4	March	1998	28	FC Dallas (USA)
1	Curaçao	GK	ROOM Eloy	6	February	1989	37	Miami FC (USA)
2	Curaçao	DF	SAMBO Shurandy	19	August	2001	24	Sparta Rotterdam (NED)
3	Curaçao	DF	GAARI Jurien	23	December	1993	32	Abha Club (KSA)
4	Curaçao	DF	VAN EIJMA Roshon	9	June	1998	28	RKC Waalwijk (NED)
5	Curaçao	DF	FLORANUS Sherel	23	August	1998	27	PEC Zwolle (NED)
6	Curaçao	MF	ROEMERATOE Godfried	19	August	1999	26	RKC Waalwijk (NED)
7	Curaçao	MF	BACUNA Juninho	7	August	1997	28	FC Volendam (NED)
8	Curaçao	MF	COMENENCIA Livano	3	February	2004	22	FC Zürich (SUI)
9	Curaçao	FW	LOCADIA Juergen	7	November	1993	32	Miami FC (USA)
10	Curaçao	MF	BACUNA Leandro	21	August	1991	34	Iğdır FK (TUR)
11	Curaçao	FW	ANTONISSE Jeremy	29	March	2002	24	AE Ki sia FC (GRE)
12	Curaçao	FW	HANSEN Sontje	18	May	2002	24	Middlesbrough FC (ENG)
13	Curaçao	FW	NOSLIN Tyrese	11	September	2002	23	SC Telstar (NED)
14	Curaçao	FW	GORRE Kenji	29	September	1994	31	Maccabi Haifa FC (ISR)
15	Curaçao	MF	MARTHA Arjany	4	September	2003	22	Rotherham United FC (ENG)
16	Curaçao	FW	MARGARITHA Jearl	10	April	2000	26	SK Beveren (BEL)
17	Curaçao	FW	KUWAS Brandley	19	September	1992	33	FC Volendam (NED)
18	Curaçao	DF	OBISPO Armando	5	March	1999	27	PSV Eindhoven (NED)
19	Curaçao	FW	KASTANEER Gervane	9	June	1996	30	Terengganu FC (MAS)
20	Curaçao	DF	BRENET Joshua	20	March	1994	32	Kayserispor (TUR)
21	Curaçao	MF	CHONG Tahith	4	December	1999	26	She eld United FC (ENG)
22	Curaçao	MF	FELIDA Kevin	11	November	1999	26	FC Den Bosch (NED)
23	Curaçao	DF	BAZOER Riechedly	12	October	1996	29	Konyaspor (TUR)
24	Curaçao	DF	FONVILLE Deveron	16	May	2003	23	NEC Nijmegen (NED)
25	Curaçao	GK	BODAK Tyrick	15	May	2002	24	SC Telstar (NED)
26	Curaçao	GK	DOORNBUSCH Trevor	6	July	1999	26	VVV Venlo (NED)
1	Czechia	GK	KOVAR Matej	17	May	2000	26	PSV Eindhoven (NED)
2	Czechia	DF	ZIMA David	8	November	2000	25	SK Slavia Praha (CZE)
3	Czechia	DF	HOLES Tomas	31	March	1993	33	SK Slavia Praha (CZE)
4	Czechia	DF	HRANAC Robin	29	January	2000	26	TSG Hoffenheim (GER)
5	Czechia	DF	COUFAL Vladimir	22	August	1992	33	TSG Hoffenheim (GER)
6	Czechia	DF	CHALOUPEK Stepan	8	March	2003	23	SK Slavia Praha (CZE)
7	Czechia	DF	KREJCI Ladislav	20	April	1999	27	Wolverhampton Wanderers FC (ENG)
8	Czechia	MF	DARIDA Vladimir	8	August	1990	35	FC Hradec Králové (CZE)
9	Czechia	FW	HLOZEK Adam	25	July	2002	23	TSG Hoffenheim (GER)
10	Czechia	FW	SCHICK Patrik	24	January	1996	30	Bayer 04 Leverkusen (GER)
11	Czechia	FW	KUCHTA Jan	8	January	1997	29	AC Sparta Praha (CZE)
12	Czechia	MF	CERV Lukas	10	April	2001	25	FC Viktoria Plzeň (CZE)
13	Czechia	FW	CHYTIL Mojmir	29	April	1999	27	SK Slavia Praha (CZE)
14	Czechia	DF	JURASEK David	7	August	2000	25	SK Slavia Praha (CZE)
15	Czechia	FW	SULC Pavel	29	December	2000	25	Olympique Lyonnais (FRA)
16	Czechia	GK	STANEK Jindrich	27	April	1996	30	SK Slavia Praha (CZE)
17	Czechia	MF	PROVOD Lukas	23	October	1996	29	SK Slavia Praha (CZE)
18	Czechia	MF	SADILEK Michal	31	May	1999	27	SK Slavia Praha (CZE)
19	Czechia	FW	CHORY Tomas	26	January	1995	31	SK Slavia Praha (CZE)
20	Czechia	DF	ZELENY Jaroslav	20	August	1992	33	AC Sparta Praha (CZE)
21	Czechia	DF	DOUDERA David	31	May	1998	28	SK Slavia Praha (CZE)
22	Czechia	MF	SOUCEK Tomas	27	February	1995	31	West Ham United FC (ENG)
23	Czechia	GK	HORNICEK Lukas	13	July	2002	23	SC Braga (POR)
24	Czechia	MF	SOJKA Alexandr	2	April	2003	23	FC Viktoria Plzeň (CZE)
25	Czechia	MF	SOCHUREK Hugo	7	June	2008	18	AC Sparta Praha (CZE)
26	Czechia	FW	VISINSKY Denis	21	March	2003	23	FC Viktoria Plzeň (CZE)
1	Ecuador	GK	GALINDEZ Hernan	30	March	1987	39	CA Huracán (ARG)
2	Ecuador	DF	TORRES Felix	11	January	1997	29	SC Internacional (BRA)
3	Ecuador	DF	HINCAPIE Piero	9	January	2002	24	Arsenal FC (ENG)
4	Ecuador	DF	ORDONEZ Joel	21	April	2004	22	Club Brugge (BEL)
5	Ecuador	MF	ALCIVAR Jordy	5	August	1999	26	Independiente Del Valle (ECU)
6	Ecuador	DF	PACHO Willian	16	October	2001	24	Paris Saint-Germain (FRA)
7	Ecuador	DF	ESTUPINAN Pervis	21	January	1998	28	AC Milan (ITA)
8	Ecuador	MF	VALENCIA Anthony	21	July	2003	22	Royal Antwerp FC (BEL)
9	Ecuador	FW	YEBOAH John	23	June	2000	25	Venezia FC (ITA)
10	Ecuador	MF	PAEZ Kendry	4	May	2007	19	CA River Plate (ARG)
11	Ecuador	FW	RODRIGUEZ Kevin	4	March	2000	26	Royale Union Saint-Gilloise (BEL)
12	Ecuador	GK	RAMIREZ Moises	9	September	2000	25	AE Ki sia FC (GRE)
13	Ecuador	FW	VALENCIA Enner	4	November	1989	36	CF Pachuca (MEX)
14	Ecuador	MF	MINDA Alan	14	May	2003	23	Atlético Mineiro (BRA)
15	Ecuador	MF	VITE Pedro	9	March	2002	24	Pumas UNAM (MEX)
16	Ecuador	FW	CAICEDO Jordy	18	November	1997	28	CA Huracán (ARG)
17	Ecuador	DF	PRECIADO Angelo	18	February	1998	28	Atlético Mineiro (BRA)
18	Ecuador	MF	CASTILLO Denil	24	March	2004	22	FC Midtjylland (DEN)
19	Ecuador	FW	PLATA Gonzalo	1	November	2000	25	CR Flamengo (BRA)
20	Ecuador	FW	ANGULO Nilson	19	June	2003	22	Sunderland AFC (ENG)
21	Ecuador	MF	FRANCO Alan	21	August	1998	27	Atlético Mineiro (BRA)
22	Ecuador	GK	VALLE Gonzalo	28	February	1996	30	LDU Quito (ECU)
23	Ecuador	MF	CAICEDO Moises	2	November	2001	24	Chelsea FC (ENG)
24	Ecuador	FW	AREVALO Jeremy	19	March	2005	21	VfB Stuttgart (GER)
25	Ecuador	DF	POROZO Jackson	4	August	2000	25	Club Tijuana (MEX)
26	Ecuador	DF	MEDINA Yaimar	5	November	2004	21	KRC Genk (BEL)
1	Egypt	GK	MOHAMED ELSHENAWY	18	December	1988	37	Al Ahly FC (EGY)
2	Egypt	DF	YASSER IBRAHIM	10	February	1993	33	Al Ahly FC (EGY)
3	Egypt	DF	MOHAMED HANY	2	February	1996	30	Al Ahly FC (EGY)
4	Egypt	DF	HOSSAM ABDELMAGUID	30	April	2001	25	Zamalek SC (EGY)
5	Egypt	DF	RAMY RABIA	20	May	1993	33	Al Ain FC (UAE)
6	Egypt	DF	MOHAMED ABDELMONEIM	1	February	1999	27	OGC Nice (FRA)
7	Egypt	FW	TREZEGUET	1	October	1994	31	Al Ahly FC (EGY)
8	Egypt	MF	EMAM ASHOUR	20	February	1998	28	Al Ahly FC (EGY)
9	Egypt	FW	HAMZA ABDELKARIM	1	January	2008	18	FC Barcelona (ESP)
10	Egypt	FW	MOHAMED SALAH	15	June	1992	33	Liverpool FC (ENG)
11	Egypt	MF	MOSTAFA ZICO	27	April	1997	29	Pyramids FC (EGY)
12	Egypt	FW	HAISSEM HASSAN	8	February	2002	24	Real Oviedo (ESP)
13	Egypt	DF	AHMED FATOUH	22	March	1998	28	Zamalek SC (EGY)
14	Egypt	MF	HAMDY FATHY	29	September	1994	31	Al Wakrah SC (QAT)
15	Egypt	DF	KARIM HAFEZ	12	March	1996	30	Pyramids FC (EGY)
16	Egypt	GK	MAHDY SOLIMAN	8	June	1987	39	Zamalek SC (EGY)
17	Egypt	MF	MOHANAD LASHIN	29	May	1996	30	Pyramids FC (EGY)
18	Egypt	MF	NABIL DONGA	6	April	1996	30	Al Najmah SC (KSA)
19	Egypt	MF	MARAWAN ATTIA	1	August	1998	27	Al Ahly FC (EGY)
20	Egypt	FW	IBRAHIM ADEL	23	April	2001	25	FC Nordsjælland (DEN)
21	Egypt	MF	MAHMOUD SABER	30	July	2001	24	ZED FC (EGY)
22	Egypt	FW	OMAR MARMOUSH	7	February	1999	27	Manchester City FC (ENG)
23	Egypt	GK	MOSTAFA SHOUBIR	15	May	2000	26	Al Ahly FC (EGY)
24	Egypt	DF	TAREK ALAA	5	January	2002	24	ZED FC (EGY)
25	Egypt	FW	ZIZO	10	January	1996	30	Al Ahly FC (EGY)
26	Egypt	GK	MOHAMED ALAA	1	January	1999	27	El Gouna FC (EGY)
1	England	GK	PICKFORD Jordan	7	March	1994	32	Everton FC (ENG)
2	England	DF	KONSA Ezri	23	October	1997	28	Aston Villa FC (ENG)
3	England	DF	OREILLY Nico	21	March	2005	21	Manchester City FC (ENG)
4	England	MF	RICE Declan	14	January	1999	27	Arsenal FC (ENG)
5	England	DF	STONES John	28	May	1994	32	Manchester City FC (ENG)
6	England	DF	GUEHI Marc	13	July	2000	25	Manchester City FC (ENG)
7	England	FW	SAKA Bukayo	5	September	2001	24	Arsenal FC (ENG)
8	England	MF	ANDERSON Elliot	6	November	2002	23	Nottingham Forest FC (ENG)
9	England	FW	KANE Harry	28	July	1993	32	FC Bayern München (GER)
10	England	MF	BELLINGHAM Jude	29	June	2003	22	Real Madrid C. F. (ESP)
11	England	FW	RASHFORD Marcus	31	October	1997	28	FC Barcelona (ESP)
12	England	DF	LIVRAMENTO Tino	12	November	2002	23	Newcastle United FC (ENG)
13	England	GK	HENDERSON Dean	12	March	1997	29	Crystal Palace FC (ENG)
14	England	MF	HENDERSON Jordan	17	June	1990	35	Brentford FC (ENG)
15	England	DF	BURN Dan	9	May	1992	34	Newcastle United FC (ENG)
16	England	MF	MAINOO Kobbie	19	April	2005	21	Manchester United FC (ENG)
17	England	MF	ROGERS Morgan	26	July	2002	23	Aston Villa FC (ENG)
18	England	FW	GORDON Anthony	24	February	2001	25	Newcastle United FC (ENG)
19	England	FW	WATKINS Ollie	30	December	1995	30	Aston Villa FC (ENG)
20	England	FW	MADUEKE Noni	10	March	2002	24	Arsenal FC (ENG)
21	England	MF	EZE Eberechi	29	June	1998	27	Arsenal FC (ENG)
22	England	FW	TONEY Ivan	16	March	1996	30	Al Ahli FC (KSA)
23	England	GK	TRAFFORD James	10	October	2002	23	Manchester City FC (ENG)
24	England	DF	JAMES Reece	8	December	1999	26	Chelsea FC (ENG)
25	England	DF	SPENCE Djed	9	August	2000	25	Tottenham Hotspur FC (ENG)
26	England	DF	QUANSAH Jarell	29	January	2003	23	Bayer 04 Leverkusen (GER)
1	France	GK	SAMBA Brice	25	April	1994	32	Stade Rennais FC (FRA)
2	France	DF	GUSTO Malo	19	May	2003	23	Chelsea FC (ENG)
3	France	DF	DIGNE Lucas	20	July	1993	32	Aston Villa FC (ENG)
4	France	DF	UPAMECANO Dayot	27	October	1998	27	FC Bayern München (GER)
5	France	DF	KOUNDE Jules	12	November	1998	27	FC Barcelona (ESP)
6	France	MF	KONE Manu	17	May	2001	25	AS Roma (ITA)
7	France	FW	DEMBELE Ousmane	15	May	1997	29	Paris Saint-Germain (FRA)
8	France	MF	TCHOUAMENI Aurelien	27	January	2000	26	Real Madrid C. F. (ESP)
9	France	FW	THURAM Marcus	6	August	1997	28	FC Internazionale Milano (ITA)
10	France	FW	MBAPPE Kylian	20	December	1998	27	Real Madrid C. F. (ESP)
11	France	FW	OLISE Michael	12	December	2001	24	FC Bayern München (GER)
12	France	FW	BARCOLA Bradley	2	September	2002	23	Paris Saint-Germain (FRA)
13	France	MF	KANTE Ngolo	29	March	1991	35	Fenerbahçe SK (TUR)
14	France	MF	RABIOT Adrien	3	April	1995	31	AC Milan (ITA)
15	France	DF	KONATE Ibrahima	25	May	1999	27	Liverpool FC (ENG)
16	France	GK	MAIGNAN Mike	3	July	1995	30	AC Milan (ITA)
17	France	DF	SALIBA William	24	March	2001	25	Arsenal FC (ENG)
18	France	MF	ZAIRE-EMERY Warren	8	March	2006	20	Paris Saint-Germain (FRA)
19	France	DF	HERNANDEZ Theo	6	October	1997	28	Al Hilal SC (KSA)
20	France	FW	DOUE Desire	3	June	2005	21	Paris Saint-Germain (FRA)
21	France	DF	HERNANDEZ Lucas	14	February	1996	30	Paris Saint-Germain (FRA)
22	France	FW	MATETA Jean-Philippe	28	June	1997	28	Crystal Palace FC (ENG)
23	France	GK	RISSER Robin	2	December	2004	21	RC Lens (FRA)
24	France	MF	CHERKI Rayan	17	August	2003	22	Manchester City FC (ENG)
25	France	MF	AKLIOUCHE Maghnes	25	February	2002	24	AS Monaco (FRA)
26	France	DF	LACROIX Maxence	6	April	2000	26	Crystal Palace FC (ENG)
1	Germany	GK	NEUER Manuel	27	March	1986	40	FC Bayern München (GER)
2	Germany	DF	RUEDIGER Antonio	3	March	1993	33	Real Madrid C. F. (ESP)
3	Germany	DF	ANTON Waldemar	20	July	1996	29	Borussia Dortmund (GER)
4	Germany	DF	TAH Jonathan	11	February	1996	30	FC Bayern München (GER)
5	Germany	MF	PAVLOVIC Aleksandar	3	May	2004	22	FC Bayern München (GER)
6	Germany	DF	KIMMICH Joshua	8	February	1995	31	FC Bayern München (GER)
7	Germany	FW	HAVERTZ Kai	11	June	1999	27	Arsenal FC (ENG)
8	Germany	MF	GORETZKA Leon	6	February	1995	31	FC Bayern München (GER)
9	Germany	MF	LEWELING Jamie	26	February	2001	25	VfB Stuttgart (GER)
10	Germany	MF	MUSIALA Jamal	26	February	2003	23	FC Bayern München (GER)
11	Germany	FW	WOLTEMADE Nick	14	February	2002	24	Newcastle United FC (ENG)
12	Germany	GK	BAUMANN Oliver	2	June	1990	36	TSG Hoffenheim (GER)
13	Germany	MF	GROSS Pascal	15	June	1991	34	Brighton & Hove Albion FC (ENG)
14	Germany	FW	BEIER Maximilian	17	October	2002	23	Borussia Dortmund (GER)
15	Germany	DF	SCHLOTTERBECK Nico	1	December	1999	26	Borussia Dortmund (GER)
16	Germany	MF	STILLER Angelo	4	April	2001	25	VfB Stuttgart (GER)
17	Germany	MF	WIRTZ Florian	3	May	2003	23	Liverpool FC (ENG)
18	Germany	DF	BROWN Nathaniel	16	June	2003	22	Eintracht Frankfurt (GER)
19	Germany	MF	SANE Leroy	11	January	1996	30	Galatasaray SK (TUR)
20	Germany	MF	AMIRI Nadiem	27	October	1996	29	1. FSV Mainz 05 (GER)
21	Germany	GK	NUEBEL Alexander	30	September	1996	29	VfB Stuttgart (GER)
22	Germany	DF	RAUM David	22	April	1998	28	RB Leipzig (GER)
23	Germany	MF	NMECHA Felix	10	October	2000	25	Borussia Dortmund (GER)
24	Germany	DF	THIAW Malick	8	August	2001	24	Newcastle United FC (ENG)
25	Germany	MF	OUEDRAOGO Assan	9	May	2006	20	RB Leipzig (GER)
26	Germany	FW	UNDAV Deniz	19	July	1996	29	VfB Stuttgart (GER)
1	Ghana	GK	ZIGI Lawrence Ati	29	November	1996	29	FC St. Gallen (SUI)
2	Ghana	DF	SEIDU Alidu	4	June	2000	26	Stade Rennais FC (FRA)
3	Ghana	MF	YIRENKYI Caleb	15	January	2006	20	FC Nordsjælland (DEN)
4	Ghana	DF	ADJETEY Jonas	13	December	2003	22	VfL Wolfsburg (GER)
5	Ghana	MF	PARTEY Thomas	13	June	1993	32	Villarreal CF (ESP)
6	Ghana	DF	MUMIN Abdul	6	June	1998	28	Rayo Vallecano (ESP)
7	Ghana	FW	ISSAHAKU Fatawu	8	March	2004	22	Leicester City FC (ENG)
8	Ghana	MF	SIBO Kwasi	24	June	1998	27	Real Oviedo (ESP)
9	Ghana	FW	AYEW Jordan	11	September	1991	34	Leicester City FC (ENG)
10	Ghana	FW	THOMAS-ASANTE Brandon	29	December	1998	27	Coventry City FC (ENG)
11	Ghana	MF	SEMENYO Antoine	7	January	2000	26	Manchester City FC (ENG)
12	Ghana	GK	ANANG Joseph	8	June	2000	26	St Patrick's Athletic FC (IRL)
13	Ghana	FW	BAAH Christopher Bonsu	14	December	2004	21	Al Qadsiah FC (KSA)
14	Ghana	DF	MENSAH Gideon	18	July	1998	27	AJ Auxerre (FRA)
15	Ghana	MF	OWUSU Elisha	7	November	1997	28	AJ Auxerre (FRA)
16	Ghana	GK	ASARE Benjamin	13	July	1992	33	Hearts Of Oak SC (GHA)
17	Ghana	DF	RAHMAN Baba	2	July	1994	31	PAOK Saloniki (GRE)
18	Ghana	DF	OPOKU Jerome	14	October	1998	27	Başakşehir FK (TUR)
19	Ghana	FW	WILLIAMS Inaki	15	June	1994	31	Athletic Club (ESP)
20	Ghana	MF	BOAKYE Augustine	3	November	2000	25	AS Saint-Etienne (FRA)
21	Ghana	DF	OPPONG Kojo Peprah	4	June	2004	22	OGC Nice (FRA)
22	Ghana	FW	SULEMANA Kamaldeen	15	February	2002	24	Atalanta Bergamo (ITA)
23	Ghana	DF	LUCKASSEN Derrick	3	July	1995	30	Pafos FC (CYP)
24	Ghana	FW	NUAMAH Ernest	1	November	2003	22	Olympique Lyonnais (FRA)
25	Ghana	FW	ADU Prince	23	September	2003	22	FC Viktoria Plzeň (CZE)
26	Ghana	DF	SENAYA Marvin	28	January	2001	25	AJ Auxerre (FRA)
1	Haiti	GK	PLACIDE Johny	29	January	1988	38	SC Bastia (FRA)
2	Haiti	DF	ARCUS Carlens	28	June	1996	29	Angers SCO (FRA)
3	Haiti	DF	THERMONCY Keeto	29	March	2006	20	BSC Young Boys (SUI)
4	Haiti	DF	ADE Ricardo	21	May	1990	36	LDU Quito (ECU)
5	Haiti	DF	DELCROIX Hannes	28	February	1999	27	FC Lugano (SUI)
6	Haiti	MF	SAINTE Carl	9	August	2002	23	El Paso Locomotive FC (USA)
7	Haiti	FW	ETIENNE Derrick	25	November	1996	29	Toronto FC (CAN)
8	Haiti	DF	EXPERIENCE Martin	9	March	1999	27	AS Nancy (FRA)
9	Haiti	FW	NAZON Duckens	7	April	1994	32	Esteghlal Tehran FC (IRN)
10	Haiti	MF	BELLEGARDE Jean-Ricner	27	June	1998	27	Wolverhampton Wanderers FC (ENG)
11	Haiti	FW	DEEDSON Louicius	11	February	2001	25	FC Dallas (USA)
12	Haiti	GK	PIERRE Alexandre	25	February	2001	25	FC Sochaux-Montbéliard (FRA)
13	Haiti	DF	LACROIX Markhus	14	October	1993	32	Colorado Springs Switchbacks FC (USA)
14	Haiti	MF	PIERRE Leverton	9	March	1998	28	FC Vizela (POR)
15	Haiti	FW	PROVIDENCE Ruben	7	July	2001	24	Almere City FC (NED)
16	Haiti	FW	JOSEPH Lenny	12	October	2000	25	Ferencvárosi TC (HUN)
17	Haiti	MF	JEAN JACQUES Danley	20	May	2000	26	Philadelphia Union (USA)
18	Haiti	FW	ISIDOR Wilson	27	August	2000	25	Sunderland AFC (ENG)
19	Haiti	FW	FORTUNE Yassin	30	January	1999	27	FC Vizela (POR)
20	Haiti	FW	PIERROT Frantzdy	29	March	1995	31	Çaykur Rizespor (TUR)
21	Haiti	FW	CASIMIR Josue	24	September	2001	24	AJ Auxerre (FRA)
22	Haiti	DF	DUVERNE Jean-Kevin	12	July	1997	28	KAA Gent (BEL)
23	Haiti	GK	DUVERGER Josue	27	April	2000	26	FC Cosmos Koblenz (GER)
24	Haiti	DF	PAUGAIN Wilguens	24	August	2001	24	SV Zulte Waregem (BEL)
25	Haiti	MF	SIMON Dominique	29	July	2000	25	FC Tatran Prešov (SVK)
26	Haiti	MF	PIERRE Woodensky	30	December	2004	21	Violette AC (HAI)
1	IR Iran	GK	BEIRANVAND Alireza	21	September	1992	33	Tractor Sazi Tabriz FC (IRN)
2	IR Iran	DF	HARDANI Saleh	26	December	1998	27	Esteghlal Tehran FC (IRN)
3	IR Iran	DF	HAJISAFI Ehsan	25	February	1990	36	Sepahan SC (IRN)
4	IR Iran	DF	KHALILZADEH Shoja	14	May	1989	37	Tractor Sazi Tabriz FC (IRN)
5	IR Iran	DF	MOHAMMADI Milad	29	September	1993	32	Persepolis FC (IRN)
6	IR Iran	MF	EZATOLAHI Saeid	1	October	1996	29	Shabab Al Ahli Club (UAE)
7	IR Iran	MF	JAHANBAKHSH Alireza	11	August	1993	32	FCV Dender EH (BEL)
8	IR Iran	MF	MOHEBBI Mohammad	20	December	1998	27	FC Rostov (RUS)
9	IR Iran	FW	TAREMI Mehdi	18	July	1992	33	Olympiacos FC (GRE)
10	IR Iran	FW	GHAYEDI Mehdi	5	December	1998	27	Al Nasr SC (UAE)
11	IR Iran	FW	ALIPOUR Ali	11	November	1995	30	Persepolis FC (IRN)
12	IR Iran	GK	NIAZMAND Payam	6	April	1995	31	Persepolis FC (IRN)
13	IR Iran	DF	KANANI Hossein	23	March	1994	32	Persepolis FC (IRN)
14	IR Iran	MF	GHODDOS Saman	6	September	1993	32	Al Ittihad Kalba SCC (UAE)
15	IR Iran	MF	CHESHMI Roozbeh	24	July	1993	32	Esteghlal Tehran FC (IRN)
16	IR Iran	MF	TORABI Mehdi	10	September	1994	31	Tractor Sazi Tabriz FC (IRN)
17	IR Iran	DF	YOUSEFI Arya	22	April	2002	24	Sepahan SC (IRN)
18	IR Iran	FW	HOSSEINZADEH Amirhossein	30	October	2000	25	Tractor Sazi Tabriz FC (IRN)
19	IR Iran	DF	NEMATI Ali	8	February	1996	30	Foolad Khuzestan FC (IRN)
20	IR Iran	FW	MOGHANLOO Shahriyar	21	December	1994	31	Al Ittihad Kalba SCC (UAE)
21	IR Iran	MF	GHORBANI Mohammad	7	October	2001	24	Al Wahda SC (UAE)
22	IR Iran	GK	HOSSEINI Hossein	30	June	1992	33	Sepahan SC (IRN)
23	IR Iran	DF	REZAEIAN Ramin	21	March	1990	36	Foolad Khuzestan FC (IRN)
24	IR Iran	FW	DARGAHI Dennis	9	January	1997	29	Standard Liège (BEL)
25	IR Iran	DF	IRI Danial	26	October	2003	22	Malavan Anzali FC (IRN)
26	IR Iran	MF	RAZAGHINIA Amirmohammad	11	April	2006	20	Esteghlal Tehran FC (IRN)
1	Iraq	GK	FAHAD TALIB	21	October	1994	31	Al Talaba SC (IRQ)
2	Iraq	DF	REBIN GHAREEB	12	April	1992	34	Port FC (THA)
3	Iraq	DF	HUSSEIN ALI	1	March	2002	24	Pogoń Szczecin (POL)
4	Iraq	DF	ZAID TAHSEEN	29	January	2001	25	Pakhtakor Tashkent FK (UZB)
5	Iraq	DF	AKAM HASHIM	16	August	1998	27	Al Zawra'a SC (IRQ)
6	Iraq	DF	MUNAF YOUNUS	16	November	1996	29	Al Shorta SC (IRQ)
7	Iraq	MF	YOUSSEF AMYN	21	August	2003	22	AEK Larnaca FC (CYP)
8	Iraq	MF	IBRAHIM BAYESH	1	May	2000	26	Al Dhafra SCC (UAE)
9	Iraq	FW	ALI ALHAMADI	1	March	2002	24	Luton Town FC (ENG)
10	Iraq	FW	MOHANAD ALI	20	June	2000	25	Dibba FC (UAE)
11	Iraq	FW	AHMED QASIM	12	July	2003	22	Nashville SC (USA)
12	Iraq	GK	JALAL HASSAN	18	May	1991	35	Al Zawra'a SC (IRQ)
13	Iraq	FW	ALI YOUSIF	19	January	1996	30	Al Talaba SC (IRQ)
14	Iraq	MF	ZIDANE IQBAL	27	April	2003	23	FC Utrecht (NED)
15	Iraq	DF	AHMED YAHYA	1	July	1995	30	Al Shorta SC (IRQ)
16	Iraq	MF	AMIR ALAMMARI	27	July	1997	28	KS Cracovia (POL)
17	Iraq	FW	ALI JASIM	20	January	2004	22	Al Najmah SC (KSA)
18	Iraq	FW	AYMEN HUSSEIN	22	March	1996	30	Al Karma SC (IRQ)
19	Iraq	MF	KEVIN YAKOB	10	October	2000	25	Aarhus GF (DEN)
20	Iraq	MF	AIMAR SHER	20	December	2002	23	Sarpsborg 08 FF (NOR)
21	Iraq	FW	MARKO FARJI	16	March	2004	22	Venezia FC (ITA)
22	Iraq	GK	AHMED BASIL	19	August	1996	29	Al Shorta SC (IRQ)
23	Iraq	DF	MERCHAS DOSKI	7	December	1999	26	FC Viktoria Plzeň (CZE)
24	Iraq	MF	ZAID ISMAEL	3	January	2002	24	Al Talaba SC (IRQ)
25	Iraq	DF	MUSTAFA SAADOON	25	May	2001	25	Al Shorta SC (IRQ)
26	Iraq	DF	FRANS PUTROS	14	July	1993	32	Persib Bandung (IDN)
1	Japan	GK	SUZUKI Zion	21	August	2002	23	Parma (ITA)
2	Japan	DF	SUGAWARA Yukinari	28	June	2000	25	SV Werder Bremen (GER)
3	Japan	DF	TANIGUCHI Shogo	15	July	1991	34	Sint-Truiden VV (BEL)
4	Japan	DF	ITAKURA Kou	27	January	1997	29	AFC Ajax (NED)
5	Japan	DF	NAGATOMO Yuto	12	September	1986	39	FC Tokyo (JPN)
6	Japan	MF	ENDO Wataru	9	February	1993	33	Liverpool FC (ENG)
7	Japan	MF	TANAKA Ao	10	September	1998	27	Leeds United FC (ENG)
8	Japan	MF	KUBO Takefusa	4	June	2001	25	Real Sociedad (ESP)
9	Japan	FW	GOTO Keisuke	3	June	2005	21	Sint-Truiden VV (BEL)
10	Japan	MF	DOAN Ritsu	16	June	1998	27	Eintracht Frankfurt (GER)
11	Japan	MF	MAEDA Daizen	20	October	1997	28	Celtic FC (SCO)
12	Japan	GK	OSAKO Keisuke	28	July	1999	26	Sanfrecce Hiroshima (JPN)
13	Japan	MF	NAKAMURA Keito	28	July	2000	25	Stade Reims (FRA)
14	Japan	MF	ITO Junya	9	March	1993	33	KRC Genk (BEL)
15	Japan	MF	KAMADA Daichi	5	August	1996	29	Crystal Palace FC (ENG)
16	Japan	DF	WATANABE Tsuyoshi	5	February	1997	29	Feyenoord Rotterdam (NED)
17	Japan	MF	SUZUKI Yuito	25	October	2001	24	SC Freiburg (GER)
18	Japan	FW	UEDA Ayase	28	August	1998	27	Feyenoord Rotterdam (NED)
19	Japan	FW	OGAWA Koki	8	August	1997	28	NEC Nijmegen (NED)
20	Japan	DF	SEKO Ayumu	7	June	2000	26	Le Havre AC (FRA)
21	Japan	DF	ITO Hiroki	12	May	1999	27	FC Bayern München (GER)
22	Japan	DF	TOMIYASU Takehiro	5	November	1998	27	AFC Ajax (NED)
23	Japan	GK	HAYAKAWA Tomoki	3	March	1999	27	Kashima Antlers (JPN)
24	Japan	MF	SANO Kaishu	30	December	2000	25	1. FSV Mainz 05 (GER)
25	Japan	DF	SUZUKI Junnosuke	12	July	2003	22	FC København (DEN)
26	Japan	FW	SHIOGAI Kento	26	March	2005	21	VfL Wolfsburg (GER)
1	Jordan	GK	YAZEED ABULAILA	8	January	1993	33	Al Hussein SC (JOR)
2	Jordan	DF	MOHAMMAD ABUHASHEESH	9	May	1995	31	Al Karma SC (IRQ)
3	Jordan	DF	ABDALLAH NASIB	25	February	1994	32	Al Zawra'a SC (IRQ)
4	Jordan	DF	HUSAM ABUDAHAB	13	May	2000	26	Al Faisaly SC (JOR)
5	Jordan	DF	YAZAN ALARAB	31	January	1996	30	FC Seoul (KOR)
6	Jordan	MF	AMER JAMOUS	3	July	2002	23	Al Zawra'a SC (IRQ)
7	Jordan	FW	MOHAMMAD ABUZRAIQ	30	December	1997	28	Raja Casablanca (MAR)
8	Jordan	MF	NOOR ALRAWABDEH	24	February	1997	29	Selangor FC (MAS)
9	Jordan	FW	ALI OLWAN	26	March	2000	26	Al Sailiya SC (QAT)
10	Jordan	FW	MOUSA ALTAMARI	10	June	1997	29	Stade Rennais FC (FRA)
11	Jordan	FW	ODEH FAKHOURY	22	November	2005	20	Pyramids FC (EGY)
12	Jordan	GK	NOUR BANIATEYAH	25	January	1993	33	Al Faisaly SC (JOR)
13	Jordan	FW	MAHMOUD ALMARDI	6	October	1993	32	Al Hussein SC (JOR)
14	Jordan	MF	RAJAEI AYED	25	July	1993	32	Al Hussein SC (JOR)
15	Jordan	MF	IBRAHIM SADEH	27	April	2000	26	Al Karma SC (IRQ)
16	Jordan	DF	MOHAMMAD ABUALNADI	8	February	2001	25	Selangor FC (MAS)
17	Jordan	DF	SALEEM OBAID	17	January	1992	34	Al Hussein SC (JOR)
18	Jordan	FW	IBRAHIM SABRA	1	February	2006	20	NK Lokomotiva Zagreb (CRO)
19	Jordan	DF	SAED ALROSAN	1	February	1997	29	Al Hussein SC (JOR)
20	Jordan	MF	MOHANNAD ABUTAHA	2	February	2003	23	Al-Quwa Al-Jawiya (IRQ)
21	Jordan	MF	NIZAR ALRASHDAN	23	March	1999	27	Qatar SC (QAT)
22	Jordan	GK	ABDALLAH ALFAKHORI	22	January	2000	26	Al Wahdat SC (JOR)
23	Jordan	DF	EHSAN HADDAD	5	February	1994	32	Al Hussein SC (JOR)
24	Jordan	FW	ALI AZAIZEH	13	April	2004	22	Al Shabab FC (KSA)
25	Jordan	MF	MOHAMMAD ALDAOUD	12	April	1992	34	Al Wahdat SC (JOR)
26	Jordan	DF	ANAS BADAWI	13	September	1997	28	Al Faisaly SC (JOR)
1	Korea Republic	GK	KIM Seunggyu	30	September	1990	35	FC Tokyo (JPN)
2	Korea Republic	DF	LEE Hanbeom	17	June	2002	23	FC Midtjylland (DEN)
3	Korea Republic	MF	LEE Gihyuk	7	July	2000	25	Gangwon FC (KOR)
4	Korea Republic	DF	KIM Minjae	15	November	1996	29	FC Bayern München (GER)
5	Korea Republic	DF	KIM Taehyeon	17	September	2000	25	Kashima Antlers (JPN)
6	Korea Republic	MF	HWANG Inbeom	20	September	1996	29	Feyenoord Rotterdam (NED)
7	Korea Republic	FW	SON Heungmin	8	July	1992	33	LAFC (USA)
8	Korea Republic	MF	PAIK Seungho	17	March	1997	29	Birmingham City FC (ENG)
9	Korea Republic	FW	CHO Guesung	25	January	1998	28	FC Midtjylland (DEN)
10	Korea Republic	MF	LEE Jaesung	10	August	1992	33	1. FSV Mainz 05 (GER)
11	Korea Republic	MF	HWANG Heechan	26	January	1996	30	Wolverhampton Wanderers FC (ENG)
12	Korea Republic	GK	SONG Bumkeun	15	October	1997	28	Jeonbuk Hyundai Motors FC (KOR)
13	Korea Republic	DF	LEE Taeseok	28	July	2002	23	FK Austria Wien (AUT)
14	Korea Republic	DF	CHO Wije	25	August	2001	24	Jeonbuk Hyundai Motors FC (KOR)
15	Korea Republic	DF	KIM Moonhwan	1	August	1995	30	Daejeon Hana Citizen FC (KOR)
16	Korea Republic	DF	PARK Jinseob	23	October	1995	30	Zhejiang FC (CHN)
17	Korea Republic	MF	BAE Junho	21	August	2003	22	Stoke City FC (ENG)
18	Korea Republic	FW	OH Hyeongyu	12	April	2001	25	Beşiktaş JK (TUR)
19	Korea Republic	MF	LEE Kangin	19	February	2001	25	Paris Saint-Germain (FRA)
20	Korea Republic	MF	YANG Hyunjun	25	May	2002	24	Celtic FC (SCO)
21	Korea Republic	GK	JO Hyeonwoo	25	September	1991	34	Ulsan HD (KOR)
22	Korea Republic	DF	SEOL Youngwoo	5	December	1998	27	FK Crvena Zvezda (SRB)
23	Korea Republic	DF	CASTROP Jens	29	July	2003	22	Borussia Mönchengladbach (GER)
24	Korea Republic	MF	KIM Jingyu	24	February	1997	29	Jeonbuk Hyundai Motors FC (KOR)
25	Korea Republic	MF	EOM Jisung	9	May	2002	24	Swansea City AFC (WAL)
26	Korea Republic	MF	LEE Donggyeong	20	September	1997	28	Ulsan HD (KOR)
1	Mexico	GK	RANGEL Raul	25	February	2000	26	CD Guadalajara (MEX)
2	Mexico	DF	SANCHEZ Jorge	10	December	1997	28	PAOK Saloniki (GRE)
3	Mexico	DF	MONTES Cesar	24	February	1997	29	FC Lokomotiv Moscow (RUS)
4	Mexico	DF	ALVAREZ Edson	24	October	1997	28	Fenerbahçe SK (TUR)
5	Mexico	DF	VASQUEZ Johan	22	October	1998	27	Genoa CFC (ITA)
6	Mexico	MF	LIRA Erik	8	May	2000	26	CF Cruz Azul (MEX)
7	Mexico	MF	ROMO Luis	5	June	1995	31	CD Guadalajara (MEX)
8	Mexico	MF	FIDALGO Alvaro	9	April	1997	29	Real Betis (ESP)
9	Mexico	FW	JIMENEZ Raul	5	May	1991	35	Fulham FC (ENG)
10	Mexico	FW	VEGA Alexis	25	November	1997	28	Deportivo Toluca FC (MEX)
11	Mexico	FW	GIMENEZ Santiago	18	April	2001	25	AC Milan (ITA)
12	Mexico	GK	ACEVEDO Carlos	19	April	1996	30	Club Santos Laguna (MEX)
13	Mexico	GK	OCHOA Guillermo	13	July	1985	40	AEL Limassol (CYP)
14	Mexico	FW	GONZALEZ Armando	20	April	2003	23	CD Guadalajara (MEX)
15	Mexico	DF	REYES Israel	23	May	2000	26	Club América (MEX)
16	Mexico	FW	QUINONES Julian	24	March	1997	29	Al Qadsiah FC (KSA)
17	Mexico	MF	PINEDA Orbelin	24	March	1996	30	AEK Athens (GRE)
18	Mexico	MF	VARGAS Obed	5	August	2005	20	Atlético De Madrid (ESP)
19	Mexico	MF	MORA Gilberto	14	October	2008	17	Club Tijuana (MEX)
20	Mexico	DF	CHAVEZ Mateo	12	May	2004	22	AZ Alkmaar (NED)
21	Mexico	FW	HUERTA Cesar	3	December	2000	25	RSC Anderlecht (BEL)
22	Mexico	FW	MARTINEZ Guillermo	15	March	1995	31	Pumas UNAM (MEX)
23	Mexico	DF	GALLARDO Jesus	15	August	1994	31	Deportivo Toluca FC (MEX)
24	Mexico	MF	CHAVEZ Luis	15	January	1996	30	FC Dynamo Moscow (RUS)
25	Mexico	FW	ALVARADO Roberto	7	September	1998	27	CD Guadalajara (MEX)
26	Mexico	MF	GUTIERREZ Brian	17	June	2003	22	CD Guadalajara (MEX)
1	Morocco	GK	BOUNOU Yassine	5	April	1991	35	Al Hilal SC (KSA)
2	Morocco	DF	HAKIMI Achraf	4	November	1998	27	Paris Saint-Germain (FRA)
3	Morocco	DF	MAZRAOUI Noussair	14	November	1997	28	Manchester United FC (ENG)
4	Morocco	MF	AMRABAT Sofyan	21	August	1996	29	Real Betis (ESP)
5	Morocco	DF	AGUERD Nayef	30	March	1996	30	Olympique Marseille (FRA)
6	Morocco	MF	BOUADDI Ayyoub	2	October	2007	18	Lille OSC (FRA)
7	Morocco	MF	TALBI Chemsdine	9	May	2005	21	Sunderland AFC (ENG)
8	Morocco	MF	OUNAHI Azzedine	19	April	2000	26	Girona FC (ESP)
9	Morocco	FW	RAHIMI Sou ane	2	June	1996	30	Al Ain FC (UAE)
10	Morocco	FW	DIAZ Brahim	3	August	1999	26	Real Madrid C. F. (ESP)
11	Morocco	MF	SAIBARI Ismael	28	January	2001	25	PSV Eindhoven (NED)
12	Morocco	GK	EL KAJOUI Munir	10	May	1989	37	RS Berkane (MAR)
13	Morocco	DF	EL OUAHDI Zakaria	31	December	2001	24	KRC Genk (BEL)
14	Morocco	DF	DIOP Issa	9	January	1997	29	Fulham FC (ENG)
15	Morocco	MF	EL MOURABET Samir	6	October	2005	20	RC Strasbourg (FRA)
16	Morocco	MF	YASSINE Gessime	22	November	2005	20	RC Strasbourg (FRA)
17	Morocco	FW	EZZALZOULI Abde	17	December	2001	24	Real Betis (ESP)
18	Morocco	DF	RIAD Chadi	17	June	2003	22	Crystal Palace FC (ENG)
19	Morocco	DF	BELAMMARI Youssef	20	September	1998	27	Al Ahly FC (EGY)
20	Morocco	FW	EL KAABI Ayoub	25	June	1993	32	Olympiacos FC (GRE)
21	Morocco	FW	AMAIMOUNI Ayoube	30	November	2004	21	Eintracht Frankfurt (GER)
22	Morocco	GK	TAGNAOUTI Ahmed Reda	5	April	1996	30	ASFAR (MAR)
23	Morocco	MF	EL KHANNOUSS Bilal	10	May	2004	22	VfB Stuttgart (GER)
24	Morocco	MF	EL AYNAOUI Neil	2	July	2001	24	AS Roma (ITA)
25	Morocco	DF	HALHAL Redouane	5	March	2003	23	KV Mechelen (BEL)
26	Morocco	DF	SALAH EDDINE Anass	18	January	2002	24	PSV Eindhoven (NED)
1	Netherlands	GK	VERBRUGGEN Bart	18	August	2002	23	Brighton & Hove Albion FC (ENG)
2	Netherlands	DF	TIMBER Jurrien	17	June	2001	24	Arsenal FC (ENG)
3	Netherlands	MF	DE ROON Marten	29	March	1991	35	Atalanta Bergamo (ITA)
4	Netherlands	DF	VAN DIJK Virgil	8	July	1991	34	Liverpool FC (ENG)
5	Netherlands	DF	AKE Nathan	18	February	1995	31	Manchester City FC (ENG)
6	Netherlands	DF	VAN HECKE Jan Paul	8	June	2000	26	Brighton & Hove Albion FC (ENG)
7	Netherlands	MF	KLUIVERT Justin	5	May	1999	27	AFC Bournemouth (ENG)
8	Netherlands	MF	GRAVENBERCH Ryan	16	May	2002	24	Liverpool FC (ENG)
9	Netherlands	FW	WEGHORST Wout	7	August	1992	33	AFC Ajax (NED)
10	Netherlands	FW	DEPAY Memphis	13	February	1994	32	SC Corinthians (BRA)
11	Netherlands	FW	GAKPO Cody	7	May	1999	27	Liverpool FC (ENG)
12	Netherlands	DF	WIEFFER Mats	16	November	1999	26	Brighton & Hove Albion FC (ENG)
13	Netherlands	GK	ROEFS Robin	17	January	2003	23	Sunderland AFC (ENG)
14	Netherlands	MF	REIJNDERS Tijjani	29	July	1998	27	Manchester City FC (ENG)
15	Netherlands	DF	VAN DE VEN Micky	19	April	2001	25	Tottenham Hotspur FC (ENG)
16	Netherlands	MF	TIL Guus	22	December	1997	28	PSV Eindhoven (NED)
17	Netherlands	FW	LANG Noa	17	June	1999	26	Galatasaray SK (TUR)
18	Netherlands	FW	MALEN Donyell	19	January	1999	27	AS Roma (ITA)
19	Netherlands	FW	BROBBEY Brian	1	February	2002	24	Sunderland AFC (ENG)
20	Netherlands	MF	KOOPMEINERS Teun	28	February	1998	28	Juventus FC (ITA)
21	Netherlands	MF	DE JONG Frenkie	12	May	1997	29	FC Barcelona (ESP)
22	Netherlands	DF	DUMFRIES Denzel	18	April	1996	30	FC Internazionale Milano (ITA)
23	Netherlands	GK	FLEKKEN Mark	13	June	1993	32	Bayer 04 Leverkusen (GER)
24	Netherlands	FW	SUMMERVILLE Crysencio	30	October	2001	24	West Ham United FC (ENG)
25	Netherlands	DF	HATO Jorrel	7	March	2006	20	Chelsea FC (ENG)
26	Netherlands	MF	TIMBER Quinten	17	June	2001	24	Olympique Marseille (FRA)
1	New Zealand	GK	CROCOMBE Max	12	August	1993	32	Millwall FC (ENG)
2	New Zealand	DF	PAYNE Tim	10	January	1994	32	Wellington Phoenix FC (NZL)
3	New Zealand	DF	DE VRIES Francis	28	November	1994	31	Auckland FC (NZL)
4	New Zealand	DF	BINDON Tyler	27	January	2005	21	She eld United FC (ENG)
5	New Zealand	DF	BOXALL Michael	18	August	1988	37	Minnesota United FC (USA)
6	New Zealand	MF	BELL Joe	27	April	1999	27	Viking Stavanger (NOR)
7	New Zealand	MF	GARBETT Matthew	13	April	2002	24	Peterborough United FC (ENG)
8	New Zealand	MF	STAMENIC Marko	19	February	2002	24	Swansea City AFC (WAL)
9	New Zealand	FW	WOOD Chris	7	December	1991	34	Nottingham Forest FC (ENG)
10	New Zealand	MF	SINGH Sarpreet	20	February	1999	27	Wellington Phoenix FC (NZL)
11	New Zealand	MF	JUST Elijah	1	May	2000	26	Motherwell FC (SCO)
12	New Zealand	GK	PAULSEN Alex	4	July	2002	23	Lechia Gdańsk (POL)
13	New Zealand	DF	CACACE Liberato	27	September	2000	25	Wrexham AFC (WAL)
14	New Zealand	MF	RUFER Alex	12	June	1996	29	Wellington Phoenix FC (NZL)
15	New Zealand	DF	PIJNAKER Nando	25	February	1999	27	Auckland FC (NZL)
16	New Zealand	DF	SURMAN Finn	23	September	2003	22	Portland Timbers (USA)
17	New Zealand	FW	BARBAROUSES Kosta	19	February	1990	36	WS Wanderers FC (AUS)
18	New Zealand	FW	WAINE Ben	11	June	2001	25	Port Vale FC (ENG)
19	New Zealand	MF	OLD Ben	13	August	2002	23	AS Saint-Etienne (FRA)
20	New Zealand	MF	McCOWATT Callum	30	April	1999	27	Silkeborg IF (DEN)
21	New Zealand	FW	RANDALL Jesse	19	August	2002	23	Auckland FC (NZL)
22	New Zealand	GK	WOUD Michael	16	January	1999	27	Auckland FC (NZL)
23	New Zealand	MF	THOMAS Ryan	20	December	1994	31	PEC Zwolle (NED)
24	New Zealand	DF	ELLIOT Callan	7	July	1999	26	Auckland FC (NZL)
25	New Zealand	MF	BAYLISS Lachlan	24	July	2002	23	Newcastle United Jets FC (AUS)
26	New Zealand	DF	SMITH Tommy	31	March	1990	36	Braintree Town FC (ENG)
1	Norway	GK	NYLAND Orjan	10	September	1990	35	Sevilla FC (ESP)
2	Norway	MF	THORSBY Morten	5	May	1996	30	US Cremonese (ITA)
3	Norway	DF	AJER Kristoffer	17	April	1998	28	Brentford FC (ENG)
4	Norway	DF	OSTIGARD Leo	28	November	1999	26	Genoa CFC (ITA)
5	Norway	DF	MOLLER WOLFE David	23	April	2002	24	Wolverhampton Wanderers FC (ENG)
6	Norway	MF	BERG Patrick	24	November	1997	28	FK Bodø/Glimt (NOR)
7	Norway	FW	SORLOTH Alexander	5	December	1995	30	Atlético De Madrid (ESP)
8	Norway	MF	BERGE Sander	14	February	1998	28	Fulham FC (ENG)
9	Norway	FW	HAALAND Erling	21	July	2000	25	Manchester City FC (ENG)
10	Norway	MF	ODEGAARD Martin	17	December	1998	27	Arsenal FC (ENG)
11	Norway	FW	STRAND LARSEN Jorgen	6	February	2000	26	Crystal Palace FC (ENG)
12	Norway	GK	TANGVIK Sander	29	November	2002	23	Hamburger SV (GER)
13	Norway	GK	SELVIK Egil	30	July	1997	28	Watford FC (ENG)
14	Norway	MF	AURSNES Fredrik	10	December	1995	30	SL Ben ca (POR)
15	Norway	DF	BJORKAN Fredrik Andre	21	August	1998	27	FK Bodø/Glimt (NOR)
16	Norway	DF	HOLMGREN PEDERSEN Marcus	16	July	2000	25	Torino FC (ITA)
17	Norway	DF	HEGGEM Torbjorn	12	January	1999	27	Bologna FC (ITA)
18	Norway	MF	THORSTVEDT Kristian	13	March	1999	27	US Sassuolo (ITA)
19	Norway	MF	AASGAARD Thelo	2	May	2002	24	Rangers FC (SCO)
20	Norway	FW	NUSA Antonio	17	April	2005	21	RB Leipzig (GER)
21	Norway	MF	SCHJELDERUP Andreas	1	June	2004	22	SL Ben ca (POR)
22	Norway	MF	BOBB Oscar	12	July	2003	22	Fulham FC (ENG)
23	Norway	MF	HAUGE Jens Petter	12	October	1999	26	FK Bodø/Glimt (NOR)
24	Norway	DF	LANGAS Sondre	2	February	2001	25	Derby County FC (ENG)
25	Norway	DF	FALCHENER Henrik	8	May	2003	23	Viking Stavanger (NOR)
26	Norway	FW	RYERSON Julian	17	November	1997	28	Borussia Dortmund (GER)
1	Panama	GK	MEJIA Luis	16	March	1991	35	Club Nacional (URU)
2	Panama	DF	BLACKMAN Cesar	2	April	1998	28	ŠK Slovan Bratislava (SVK)
3	Panama	DF	CORDOBA Jose	3	June	2001	25	Norwich City FC (ENG)
4	Panama	DF	ESCOBAR Fidel	9	January	1995	31	Deportivo Saprissa (CRC)
5	Panama	DF	FARINA Edgardo	19	October	2001	24	FC Pari Nizhny Novgorod (RUS)
6	Panama	MF	MARTINEZ Cristian	6	February	1997	29	Hapoel Kiryat Shmona FC (ISR)
7	Panama	MF	RODRIGUEZ Jose Luis	19	June	1998	27	FC Juárez (MEX)
8	Panama	MF	CARRASQUILLA Adalberto	28	November	1998	27	Pumas UNAM (MEX)
9	Panama	FW	RODRIGUEZ Tomas	9	March	1999	27	Deportivo Saprissa (CRC)
10	Panama	MF	DIAZ Ismael	12	May	1997	29	Club León (MEX)
11	Panama	MF	BARCENAS Edgar Yoel	23	October	1993	32	Mazatlán FC (MEX)
12	Panama	GK	SAMUDIO Cesar	23	February	1994	32	CD Marathón (HON)
13	Panama	DF	RAMOS Jiovany	26	January	1997	29	Puerto Cabello CF (VEN)
14	Panama	DF	HARVEY Carlos	3	February	2000	26	Minnesota United FC (USA)
15	Panama	DF	DAVIS Eric	31	March	1991	35	CD Plaza Amador (PAN)
16	Panama	DF	ANDRADE Andres	16	October	1998	27	LASK Linz (AUT)
17	Panama	FW	FAJARDO Jose	18	August	1993	32	CD Universidad Católica (ECU)
18	Panama	FW	WATERMAN Cecilio	13	April	1991	35	CD Universidad De Concepción (CHI)
19	Panama	MF	QUINTERO Alberto	18	December	1987	38	CD Plaza Amador (PAN)
20	Panama	MF	GODOY Anibal	10	February	1990	36	San Diego FC (USA)
21	Panama	MF	YANIS Cesar	28	January	1996	30	CD Cobresal (CHI)
22	Panama	GK	MOSQUERA Orlando	25	December	1994	31	Al Fayha FC (KSA)
23	Panama	DF	MURILLO Amir	11	February	1996	30	Beşiktaş JK (TUR)
24	Panama	FW	LONDONO Azarias	21	June	2001	24	CD Universidad Católica (ECU)
25	Panama	DF	MILLER Roderick	3	April	1992	34	Turan Tovuz (AZE)
26	Panama	DF	GUTIERREZ Jorge	1	September	1998	27	Deportivo La Guaira (VEN)
1	Paraguay	GK	FERNANDEZ Gatito	29	March	1988	38	Cerro Porteño (PAR)
2	Paraguay	DF	VELAZQUEZ Gustavo	17	April	1991	35	Cerro Porteño (PAR)
3	Paraguay	DF	ALDERETE Omar	26	December	1996	29	Sunderland AFC (ENG)
4	Paraguay	DF	CACERES Juan Jose	1	June	2000	26	FC Dynamo Moscow (RUS)
5	Paraguay	DF	BALBUENA Fabian	23	August	1991	34	Grêmio FBPA (BRA)
6	Paraguay	DF	ALONSO Junior	9	February	1993	33	Atlético Mineiro (BRA)
7	Paraguay	MF	SOSA Ramon	31	August	1999	26	SE Palmeiras (BRA)
8	Paraguay	MF	GOMEZ Diego	27	March	2003	23	Brighton & Hove Albion FC (ENG)
9	Paraguay	FW	SANABRIA Antonio	4	March	1996	30	US Cremonese (ITA)
10	Paraguay	MF	ALMIRON Miguel	10	February	1994	32	Atlanta United FC (USA)
11	Paraguay	MF	MAURICIO	22	June	2001	24	SE Palmeiras (BRA)
12	Paraguay	GK	GILL Orlando	11	June	2000	26	CA San Lorenzo (ARG)
13	Paraguay	DF	CANALE Jose	20	July	1996	29	CA Lanús (ARG)
14	Paraguay	MF	CUBAS Andres	11	May	1996	30	Vancouver Whitecaps FC (CAN)
15	Paraguay	DF	GOMEZ Gustavo	6	May	1993	33	SE Palmeiras (BRA)
16	Paraguay	MF	BOBADILLA Damian	11	July	2001	24	São Paulo FC (BRA)
17	Paraguay	FW	ROMERO GAMARRA Alejandro	11	January	1995	31	Al Ain FC (UAE)
18	Paraguay	FW	ARCE Alex	16	June	1995	30	CS Independiente Rivadavia (ARG)
19	Paraguay	FW	ENCISO Julio	23	January	2004	22	RC Strasbourg (FRA)
20	Paraguay	MF	OJEDA Braian	27	June	2000	25	Orlando City SC (USA)
21	Paraguay	FW	AVALOS Gabriel	12	October	1990	35	CA Independiente (ARG)
22	Paraguay	GK	OLVEIRA Gaston	21	April	1993	33	Club Olimpia (PAR)
23	Paraguay	MF	GALARZA Matias	11	February	2002	24	Atlanta United FC (USA)
24	Paraguay	MF	CABALLERO Gustavo	21	September	2001	24	Portsmouth FC (ENG)
25	Paraguay	FW	PITTA Isidro	14	August	1999	26	Red Bull Bragantino (BRA)
26	Paraguay	DF	MAIDANA Alexandro	26	July	2005	20	CA Talleres (ARG)
1	Portugal	GK	DIOGO COSTA	19	September	1999	26	FC Porto (POR)
2	Portugal	DF	NELSON SEMEDO	16	November	1993	32	Fenerbahçe SK (TUR)
3	Portugal	DF	RUBEN DIAS	14	May	1997	29	Manchester City FC (ENG)
4	Portugal	DF	TOMAS ARAUJO	16	May	2002	24	SL Ben ca (POR)
5	Portugal	DF	DIOGO DALOT	18	March	1999	27	Manchester United FC (ENG)
6	Portugal	MF	MATHEUS NUNES	27	August	1998	27	Manchester City FC (ENG)
7	Portugal	FW	CRISTIANO RONALDO	5	February	1985	41	Al Nassr FC (KSA)
8	Portugal	MF	BRUNO FERNANDES	8	September	1994	31	Manchester United FC (ENG)
9	Portugal	FW	GONCALO RAMOS	20	June	2001	24	Paris Saint-Germain (FRA)
10	Portugal	MF	BERNARDO SILVA	10	August	1994	31	Manchester City FC (ENG)
11	Portugal	FW	JOAO FELIX	10	November	1999	26	Al Nassr FC (KSA)
12	Portugal	GK	JOSE SA	17	January	1993	33	Wolverhampton Wanderers FC (ENG)
13	Portugal	DF	RENATO VEIGA	29	July	2003	22	Villarreal CF (ESP)
14	Portugal	DF	GONCALO INACIO	25	August	2001	24	Sporting CP (POR)
15	Portugal	MF	JOAO NEVES	27	September	2004	21	Paris Saint-Germain (FRA)
16	Portugal	FW	FRANCISCO TRINCAO	29	December	1999	26	Sporting CP (POR)
17	Portugal	FW	RAFAEL LEAO	10	June	1999	27	AC Milan (ITA)
18	Portugal	FW	PEDRO NETO	9	March	2000	26	Chelsea FC (ENG)
19	Portugal	FW	GONCALO GUEDES	29	November	1996	29	Real Sociedad (ESP)
20	Portugal	DF	JOAO CANCELO	27	May	1994	32	FC Barcelona (ESP)
21	Portugal	MF	RUBEN NEVES	13	March	1997	29	Al Hilal SC (KSA)
22	Portugal	GK	RUI SILVA	7	February	1994	32	Sporting CP (POR)
23	Portugal	MF	VITINHA	13	February	2000	26	Paris Saint-Germain (FRA)
24	Portugal	DF	SAMU COSTA	27	November	2000	25	RCD Mallorca (ESP)
25	Portugal	DF	NUNO MENDES	19	June	2002	23	Paris Saint-Germain (FRA)
26	Portugal	FW	FRANCISCO CONCEICAO	14	December	2002	23	Juventus FC (ITA)
1	Qatar	GK	MAHMOUD ABUNADA	5	February	2000	26	Al Rayyan SC (QAT)
2	Qatar	DF	PEDRO MIGUEL	6	August	1990	35	Al Sadd SC (QAT)
3	Qatar	DF	LUCAS MENDES	3	July	1990	35	Al Wakrah SC (QAT)
4	Qatar	DF	ISSA LAYE	22	December	1997	28	Al Arabi SC (QAT)
5	Qatar	DF	JASSEM GABER	20	February	2002	24	Al Rayyan SC (QAT)
6	Qatar	MF	ABDULAZIZ HATEM	1	January	1990	36	Al Rayyan SC (QAT)
7	Qatar	FW	AHMED ALAAELDIN	31	January	1993	33	Al Rayyan SC (QAT)
8	Qatar	FW	EDMILSON JUNIOR	19	August	1994	31	Al Duhail SC (QAT)
9	Qatar	FW	MOHAMMED MUNTARI	20	December	1993	32	Al Gharafa SC (QAT)
10	Qatar	FW	HASSAN ALHAYDOS	11	December	1990	35	Al Sadd SC (QAT)
11	Qatar	FW	AKRAM AFIF	18	November	1996	29	Al Sadd SC (QAT)
12	Qatar	MF	KARIM BOUDIAF	16	September	1990	35	Al Duhail SC (QAT)
13	Qatar	DF	AYOUB ALOUI	11	March	2005	21	Al Gharafa SC (QAT)
14	Qatar	DF	HOMAM AHMED	25	August	1999	26	Cultural Leonesa (ESP)
15	Qatar	FW	YUSUF ABDURISAG	6	August	1999	26	Al Wakrah SC (QAT)
16	Qatar	DF	BOUALEM KHOUKHI	9	July	1990	35	Al Sadd SC (QAT)
17	Qatar	MF	AHMED ALGANEHI	22	September	2000	25	Al Gharafa SC (QAT)
18	Qatar	DF	SULTAN ALBRAKE	7	April	1996	30	Al Duhail SC (QAT)
19	Qatar	FW	ALMOEZ ALI	19	August	1996	29	Al Duhail SC (QAT)
20	Qatar	MF	AHMED FATHY	25	January	1993	33	Al Arabi SC (QAT)
21	Qatar	GK	SALAH ZAKARIA	24	April	1999	27	Al Duhail SC (QAT)
22	Qatar	GK	MESHAAL BARSHAM	14	February	1998	28	Al Sadd SC (QAT)
23	Qatar	MF	ASSIM MADIBO	22	October	1996	29	Al Wakrah SC (QAT)
24	Qatar	FW	TAHSIN JAMSHID	16	June	2006	19	Al Duhail SC (QAT)
25	Qatar	DF	ALHASHMI ALHUSSEIN	15	August	2003	22	Al Arabi SC (QAT)
26	Qatar	FW	MOHAMED MANAI	25	October	2002	23	Al Shamal SC (QAT)
1	Saudi Arabia	GK	NAWAF ALAQIDI	10	May	2000	26	Al Nassr FC (KSA)
2	Saudi Arabia	DF	ALI MAJRASHI	2	October	1999	26	Al Ahli FC (KSA)
3	Saudi Arabia	DF	ALI LAJAMI	24	April	1996	30	Al Hilal SC (KSA)
4	Saudi Arabia	DF	ABDULELAH ALAMRI	15	January	1997	29	Al Nassr FC (KSA)
5	Saudi Arabia	DF	HASSAN ALTAMBAKTI	9	February	1999	27	Al Hilal SC (KSA)
6	Saudi Arabia	MF	NASSER ALDAWSARI	19	December	1998	27	Al Hilal SC (KSA)
7	Saudi Arabia	MF	MUSAB ALJUWAYR	20	June	2003	22	Al Qadsiah FC (KSA)
8	Saudi Arabia	FW	AIMAN YAHYA	14	May	2001	25	Al Nassr FC (KSA)
9	Saudi Arabia	FW	FERAS ALBRIKAN	14	May	2000	26	Al Ahli FC (KSA)
10	Saudi Arabia	FW	SALEM ALDAWSARI	19	August	1991	34	Al Hilal SC (KSA)
11	Saudi Arabia	FW	SALEH ALSHEHRI	1	November	1993	32	Al Ittihad (KSA)
12	Saudi Arabia	DF	SAUD ABDULHAMID	18	July	1999	26	RC Lens (FRA)
13	Saudi Arabia	DF	NAWAF BU WASHL	16	September	1999	26	Al Nassr FC (KSA)
14	Saudi Arabia	DF	HASSAN KADISH	26	September	1992	33	Al Ittihad (KSA)
15	Saudi Arabia	MF	ABDULLAH ALKHAIBARI	16	August	1996	29	Al Nassr FC (KSA)
16	Saudi Arabia	MF	ZIYAD ALJOHANI	11	November	2001	24	Al Ahli FC (KSA)
17	Saudi Arabia	FW	KHALID ALGHANNAM	8	November	2000	25	Al Ettifaq FC (KSA)
18	Saudi Arabia	MF	ALA ALHAJJI	3	December	1995	30	Neom SC (KSA)
19	Saudi Arabia	FW	ABDULLAH ALHAMDDAN	13	September	1999	26	Al Nassr FC (KSA)
20	Saudi Arabia	FW	SULTAN MANDASH	17	October	1994	31	Al Hilal SC (KSA)
21	Saudi Arabia	GK	MOHAMMED ALOWAIS	10	October	1991	34	Al Ula Saudi FC (KSA)
22	Saudi Arabia	GK	AHMED ALKASSAR	8	May	1991	35	Al Qadsiah FC (KSA)
23	Saudi Arabia	MF	MOHAMED KANNO	22	September	1994	31	Al Hilal SC (KSA)
24	Saudi Arabia	DF	MOTEB ALHARBI	20	February	2000	26	Al Hilal SC (KSA)
25	Saudi Arabia	DF	JEHAD THIKRI	21	July	2001	24	Al Qadsiah FC (KSA)
26	Saudi Arabia	DF	MOHAMMED ABU ALSHAMAT	11	August	2002	23	Al Qadsiah FC (KSA)
1	Scotland	GK	GUNN Angus	22	January	1996	30	Nottingham Forest FC (ENG)
2	Scotland	DF	HICKEY Aaron	10	June	2002	24	Brentford FC (ENG)
3	Scotland	DF	ROBERTSON Andy	11	March	1994	32	Liverpool FC (ENG)
4	Scotland	MF	McTOMINAY Scott	8	December	1996	29	SSC Napoli (ITA)
5	Scotland	DF	HANLEY Grant	20	November	1991	34	Hibernian FC (SCO)
6	Scotland	DF	TIERNEY Kieran	5	June	1997	29	Celtic FC (SCO)
7	Scotland	MF	McGINN John	18	October	1994	31	Aston Villa FC (ENG)
8	Scotland	MF	FLETCHER Tyler	19	March	2007	19	Manchester United FC (ENG)
9	Scotland	FW	DYKES Lyndon	7	October	1995	30	Charlton Athletic FC (ENG)
10	Scotland	FW	ADAMS Che	13	July	1996	29	Torino FC (ITA)
11	Scotland	MF	CHRISTIE Ryan	22	February	1995	31	AFC Bournemouth (ENG)
12	Scotland	GK	KELLY Liam	23	January	1996	30	Rangers FC (SCO)
13	Scotland	DF	HENDRY Jack	7	May	1995	31	Al Ettifaq FC (KSA)
14	Scotland	FW	STEWART Ross	11	July	1996	29	Southampton FC (ENG)
15	Scotland	DF	SOUTTAR John	25	September	1996	29	Rangers FC (SCO)
16	Scotland	DF	HYAM Dominic	20	December	1995	30	Wrexham AFC (WAL)
17	Scotland	FW	GANNON-DOAK Ben	11	November	2005	20	AFC Bournemouth (ENG)
18	Scotland	FW	HIRST George	15	February	1999	27	Ipswich Town FC (ENG)
19	Scotland	MF	FERGUSON Lewis	24	August	1999	26	Bologna FC (ITA)
20	Scotland	FW	SHANKLAND Lawrence	10	August	1995	30	Heart Of Midlothian FC (SCO)
21	Scotland	GK	GORDON Craig	31	December	1982	43	Heart Of Midlothian FC (SCO)
22	Scotland	DF	PATTERSON Nathan	16	October	2001	24	Everton FC (ENG)
23	Scotland	MF	McLEAN Kenny	8	January	1992	34	Norwich City FC (ENG)
24	Scotland	DF	RALSTON Anthony	16	November	1998	27	Celtic FC (SCO)
25	Scotland	FW	CURTIS Findlay	9	June	2006	20	Kilmarnock FC (SCO)
26	Scotland	DF	McKENNA Scott	12	November	1996	29	GNK Dinamo Zagreb (CRO)
1	Senegal	GK	DIOUF Yehvann	16	November	1999	26	OGC Nice (FRA)
2	Senegal	DF	SARR Mamadou	29	August	2005	20	Chelsea FC (ENG)
3	Senegal	DF	KOULIBALY Kalidou	20	June	1991	34	Al Hilal SC (KSA)
4	Senegal	DF	SECK Abdoulaye	4	June	1992	34	Maccabi Haifa FC (ISR)
5	Senegal	MF	GUEYE Idrissa Gana	26	September	1989	36	Everton FC (ENG)
6	Senegal	MF	CISS Pathe	16	March	1994	32	Rayo Vallecano (ESP)
7	Senegal	FW	DIAO Assane	7	September	2005	20	Como (ITA)
8	Senegal	MF	CAMARA Lamine	1	January	2004	22	AS Monaco (FRA)
9	Senegal	FW	DIENG Bamba	23	March	2000	26	FC Lorient (FRA)
10	Senegal	FW	MANE Sadio	10	April	1992	34	Al Nassr FC (KSA)
11	Senegal	FW	JACKSON Nicolas	20	June	2001	24	FC Bayern München (GER)
12	Senegal	FW	NDIAYE Cherif	23	January	1996	30	Samsunspor (TUR)
13	Senegal	FW	NDIAYE Iliman	6	March	2000	26	Everton FC (ENG)
14	Senegal	DF	JAKOBS Ismail	17	August	1999	26	Galatasaray SK (TUR)
15	Senegal	DF	DIATTA Krepin	25	February	1999	27	AS Monaco (FRA)
16	Senegal	GK	MENDY Edouard	1	March	1992	34	Al Ahli FC (KSA)
17	Senegal	MF	SARR Pape Matar	14	September	2002	23	Tottenham Hotspur FC (ENG)
18	Senegal	FW	SARR Ismaila	25	February	1998	28	Crystal Palace FC (ENG)
19	Senegal	DF	NIAKHATE Moussa	8	March	1996	30	Olympique Lyonnais (FRA)
20	Senegal	FW	MBAYE Ibrahim	24	January	2008	18	Paris Saint-Germain (FRA)
21	Senegal	MF	DIARRA Habib	3	January	2004	22	Sunderland AFC (ENG)
22	Senegal	MF	NDIAYE Bara Sapoko	31	December	2007	18	FC Bayern München (GER)
23	Senegal	GK	DIAW Mory	22	June	1993	32	Le Havre AC (FRA)
24	Senegal	DF	MENDY Antoine	27	May	2004	22	OGC Nice (FRA)
25	Senegal	DF	DIOUF El Hadji Malick	29	December	2004	21	West Ham United FC (ENG)
26	Senegal	MF	GUEYE Pape	24	January	1999	27	Villarreal CF (ESP)
1	South Africa	GK	WILLIAMS Ronwen	21	January	1992	34	Mamelodi Sundowns FC (RSA)
2	South Africa	DF	MATULUDI Thabang	14	January	1999	27	Polokwane City FC (RSA)
3	South Africa	DF	NDAMANE Khulumani	5	February	2004	22	Mamelodi Sundowns FC (RSA)
4	South Africa	MF	MOKOENA Teboho	24	January	1997	29	Mamelodi Sundowns FC (RSA)
5	South Africa	MF	MBATHA Thalente	6	March	2000	26	Orlando Pirates FC (RSA)
6	South Africa	DF	MODIBA Aubrey	22	July	1995	30	Mamelodi Sundowns FC (RSA)
7	South Africa	FW	APPOLLIS Oswin	25	August	2001	24	Orlando Pirates FC (RSA)
8	South Africa	FW	MOREMI Tshepang	2	October	2000	25	Orlando Pirates FC (RSA)
9	South Africa	FW	FOSTER Lyle	3	September	2000	25	Burnley FC (ENG)
10	South Africa	FW	MOFOKENG Relebohile	23	October	2004	21	Orlando Pirates FC (RSA)
11	South Africa	MF	ZWANE Themba	3	August	1989	36	Mamelodi Sundowns FC (RSA)
12	South Africa	FW	MASEKO Thapelo	11	November	2003	22	AEL Limassol (CYP)
13	South Africa	MF	SITHOLE Sphephelo	3	March	1999	27	CD Tondela (POR)
14	South Africa	DF	MBOKAZI Mbekezeli	19	September	2005	20	Chicago Fire FC (USA)
15	South Africa	FW	RAYNERS Iqraam	19	December	1995	30	Mamelodi Sundowns FC (RSA)
16	South Africa	GK	CHAINE Sipho	14	December	1996	29	Orlando Pirates FC (RSA)
17	South Africa	FW	MAKGOPA Evidence	5	June	2000	26	Orlando Pirates FC (RSA)
18	South Africa	DF	KABINI Samukele	15	March	2004	22	Molde FK (NOR)
19	South Africa	DF	SIBISI Nkosinathi	22	September	1995	30	Orlando Pirates FC (RSA)
20	South Africa	DF	MUDAU Khuliso	26	April	1995	31	Mamelodi Sundowns FC (RSA)
21	South Africa	DF	OKON Ime	20	February	2004	22	Hannover 96 (GER)
22	South Africa	GK	GOSS Ricardo	2	April	1994	32	Siwelele FC (RSA)
23	South Africa	MF	ADAMS Jayden	5	May	2001	25	Mamelodi Sundowns FC (RSA)
24	South Africa	DF	MAKHANYA Olwethu	30	April	2004	22	Philadelphia Union (USA)
25	South Africa	FW	SEBELEBELE Kamogelo	21	July	2002	23	Orlando Pirates FC (RSA)
26	South Africa	DF	CROSS Bradley	30	January	2001	25	Kaizer Chiefs FC (RSA)
1	Spain	GK	RAYA David	15	September	1995	30	Arsenal FC (ENG)
2	Spain	DF	PUBILL Marc	20	June	2003	22	Atlético De Madrid (ESP)
3	Spain	DF	GRIMALDO Alex	20	September	1995	30	Bayer 04 Leverkusen (GER)
4	Spain	DF	GARCIA Eric	9	January	2001	25	FC Barcelona (ESP)
5	Spain	DF	LLORENTE Marcos	30	January	1995	31	Atlético De Madrid (ESP)
6	Spain	MF	MERINO Mikel	22	June	1996	29	Arsenal FC (ENG)
7	Spain	FW	TORRES Ferran	29	February	2000	26	FC Barcelona (ESP)
8	Spain	MF	RUIZ Fabian	3	April	1996	30	Paris Saint-Germain (FRA)
9	Spain	MF	GAVI	5	August	2004	21	FC Barcelona (ESP)
10	Spain	FW	OLMO Dani	7	May	1998	28	FC Barcelona (ESP)
11	Spain	FW	PINO Yeremy	20	October	2002	23	Crystal Palace FC (ENG)
12	Spain	DF	PORRO Pedro	13	September	1999	26	Tottenham Hotspur FC (ENG)
13	Spain	GK	GARCIA Joan	4	May	2001	25	FC Barcelona (ESP)
14	Spain	DF	LAPORTE Aymeric	27	May	1994	32	Athletic Club (ESP)
15	Spain	MF	BAENA Alex	20	July	2001	24	Atlético De Madrid (ESP)
16	Spain	MF	RODRI	22	June	1996	29	Manchester City FC (ENG)
17	Spain	FW	WILLIAMS Nico	12	July	2002	23	Athletic Club (ESP)
18	Spain	MF	ZUBIMENDI Martin	2	February	1999	27	Arsenal FC (ENG)
19	Spain	FW	YAMAL Lamine	13	July	2007	18	FC Barcelona (ESP)
20	Spain	MF	PEDRI	25	November	2002	23	FC Barcelona (ESP)
21	Spain	FW	OYARZABAL Mikel	21	April	1997	29	Real Sociedad (ESP)
22	Spain	DF	CUBARSI Pau	22	January	2007	19	FC Barcelona (ESP)
23	Spain	GK	SIMON Unai	11	June	1997	29	Athletic Club (ESP)
24	Spain	DF	CUCURELLA Marc	22	July	1998	27	Chelsea FC (ENG)
25	Spain	FW	MUNOZ Victor	13	July	2003	22	CA Osasuna (ESP)
26	Spain	FW	IGLESIAS Borja	17	January	1993	33	RC Celta Vigo (ESP)
1	Sweden	GK	WIDELL ZETTERSTROM Jacob	11	July	1998	27	Derby County FC (ENG)
2	Sweden	DF	LAGERBIELKE Gustaf	10	April	2000	26	SC Braga (POR)
3	Sweden	DF	LINDELOF Victor	17	July	1994	31	Aston Villa FC (ENG)
4	Sweden	DF	HIEN Isak	13	January	1999	27	Atalanta Bergamo (ITA)
5	Sweden	DF	GUDMUNDSSON Gabriel	29	April	1999	27	Leeds United FC (ENG)
6	Sweden	DF	JOHANSSON Herman	16	October	1997	28	FC Dallas (USA)
7	Sweden	MF	BERGVALL Lucas	2	February	2006	20	Tottenham Hotspur FC (ENG)
8	Sweden	DF	SVENSSON Daniel	12	February	2002	24	Borussia Dortmund (GER)
9	Sweden	FW	ISAK Alexander	21	September	1999	26	Liverpool FC (ENG)
10	Sweden	MF	NYGREN Benjamin	8	July	2001	24	Celtic FC (SCO)
11	Sweden	FW	ELANGA Anthony	27	April	2002	24	Newcastle United FC (ENG)
12	Sweden	GK	JOHANSSON Viktor	14	September	1998	27	Stoke City FC (ENG)
13	Sweden	MF	SEMA Ken	30	September	1993	32	Pafos FC (CYP)
14	Sweden	DF	EKDAL Hjalmar	21	October	1998	27	Burnley FC (ENG)
15	Sweden	DF	STARFELT Carl	1	June	1995	31	RC Celta Vigo (ESP)
16	Sweden	MF	KARLSTROM Jesper	21	June	1995	30	Udinese (ITA)
17	Sweden	FW	GYOKERES Viktor	4	June	1998	28	Arsenal FC (ENG)
18	Sweden	MF	AYARI Yasin	6	October	2003	22	Brighton & Hove Albion FC (ENG)
19	Sweden	MF	SVANBERG Mattias	5	January	1999	27	VfL Wolfsburg (GER)
20	Sweden	DF	SMITH Eric	8	January	1997	29	FC St. Pauli (GER)
21	Sweden	DF	BERNHARDSSON Alexander	8	September	1998	27	Holstein Kiel (GER)
22	Sweden	MF	ZENELI Besfort	21	November	2002	23	Royale Union Saint-Gilloise (BEL)
23	Sweden	GK	NORDFELDT Kristoffer	23	June	1989	36	AIK Stockholm (SWE)
24	Sweden	DF	STROUD Elliot	22	June	2002	23	Mjällby AIF (SWE)
25	Sweden	FW	NILSSON Gustaf	23	May	1997	29	Club Brugge (BEL)
26	Sweden	FW	ALI Taha	1	July	1998	27	Malmö FF (SWE)
1	Switzerland	GK	KOBEL Gregor	6	December	1997	28	Borussia Dortmund (GER)
2	Switzerland	DF	MUHEIM Miro	24	March	1998	28	Hamburger SV (GER)
3	Switzerland	DF	WIDMER Silvan	5	March	1993	33	1. FSV Mainz 05 (GER)
4	Switzerland	DF	ELVEDI Nico	30	September	1996	29	Borussia Mönchengladbach (GER)
5	Switzerland	DF	AKANJI Manuel	19	July	1995	30	FC Internazionale Milano (ITA)
6	Switzerland	MF	ZAKARIA Denis	20	November	1996	29	AS Monaco (FRA)
7	Switzerland	FW	EMBOLO Breel	14	February	1997	29	Stade Rennais FC (FRA)
8	Switzerland	MF	FREULER Remo	15	April	1992	34	Bologna FC (ITA)
9	Switzerland	MF	MANZAMBI Johan	14	October	2005	20	SC Freiburg (GER)
10	Switzerland	MF	XHAKA Granit	27	September	1992	33	Sunderland AFC (ENG)
11	Switzerland	FW	NDOYE Dan	25	October	2000	25	Nottingham Forest FC (ENG)
12	Switzerland	GK	MVOGO Yvon	6	June	1994	32	FC Lorient (FRA)
13	Switzerland	DF	RODRIGUEZ Ricardo	25	August	1992	33	Real Betis (ESP)
14	Switzerland	MF	JASHARI Ardon	30	July	2002	23	AC Milan (ITA)
15	Switzerland	MF	SOW Djibril	6	February	1997	29	Sevilla FC (ESP)
16	Switzerland	FW	FASSNACHT Christian	11	November	1993	32	BSC Young Boys (SUI)
17	Switzerland	FW	VARGAS Ruben	5	August	1998	27	Sevilla FC (ESP)
18	Switzerland	DF	COEMERT Eray	4	February	1998	28	Valencia CF (ESP)
19	Switzerland	FW	OKAFOR Noah	24	May	2000	26	Leeds United FC (ENG)
20	Switzerland	MF	AEBISCHER Michel	6	January	1997	29	Pisa SC (ITA)
21	Switzerland	GK	KELLER Marvin	3	July	2002	23	BSC Young Boys (SUI)
22	Switzerland	MF	RIEDER Fabian	16	February	2002	24	FC Augsburg (GER)
23	Switzerland	FW	AMDOUNI Zeki	4	December	2000	25	Burnley FC (ENG)
24	Switzerland	DF	AMENDA Aurele	31	July	2003	22	Eintracht Frankfurt (GER)
25	Switzerland	DF	JAQUEZ Luca	2	June	2003	23	VfB Stuttgart (GER)
26	Switzerland	FW	ITTEN Cedric	27	December	1996	29	Fortuna Düsseldorf (GER)
1	Tunisia	GK	CHAMAKH Mouhib	25	August	2001	24	Club Africain (TUN)
2	Tunisia	DF	ABDI Ali	20	December	1993	32	OGC Nice (FRA)
3	Tunisia	DF	TALBI Montassar	26	May	1998	28	FC Lorient (FRA)
4	Tunisia	DF	REKIK Omar	20	December	2001	24	NK Maribor (SVN)
5	Tunisia	DF	AROUS Adam	17	July	2004	21	Kasımpaşa SK (TUR)
6	Tunisia	DF	BRONN Dylan	19	June	1995	30	Servette FC (SUI)
7	Tunisia	FW	ACHOURI Elias	10	February	1999	27	FC København (DEN)
8	Tunisia	FW	SAAD Elias	27	December	1999	26	Hannover 96 (GER)
9	Tunisia	FW	MASTOURI Hazem	18	June	1997	28	FC Dynamo Makhachkala (RUS)
10	Tunisia	MF	MEJBRI Hannibal	21	January	2003	23	Burnley FC (ENG)
11	Tunisia	MF	GHARBI Ismael	10	April	2004	22	FC Augsburg (GER)
12	Tunisia	DF	BEN OUANES Mortadha	2	July	1994	31	Kasımpaşa SK (TUR)
13	Tunisia	MF	KHEDIRA Rani	27	January	1994	32	1. FC Union Berlin (GER)
14	Tunisia	MF	AYARI Khalil	2	February	2005	21	Paris Saint-Germain (FRA)
15	Tunisia	MF	HADJ MAHMOUD Mohamed	24	April	2000	26	FC Lugano (SUI)
16	Tunisia	GK	DAHMEN Aymen	28	January	1997	29	CS Sfaxien (TUN)
17	Tunisia	MF	SKHIRI Ellyes	10	May	1995	31	Eintracht Frankfurt (GER)
18	Tunisia	FW	ELLOUMI Rayan	17	September	2007	18	Vancouver Whitecaps FC (CAN)
19	Tunisia	FW	CHAOUAT Firas	8	May	1996	30	Club Africain (TUN)
20	Tunisia	DF	VALERY Yan	22	February	1999	27	BSC Young Boys (SUI)
21	Tunisia	DF	BEN HMIDA Mohamed Amine	15	December	1995	30	Espérance De Tunisie (TUN)
22	Tunisia	GK	BEN HESSEN Sabri	13	June	1996	29	Étoile Du Sahel (TUN)
23	Tunisia	DF	NEFFATI Moutaz	4	September	2004	21	IFK Norrköping FK (SWE)
24	Tunisia	DF	CHIKHAOUI Raed	9	June	2004	22	US Monastir (TUN)
25	Tunisia	MF	SLIMANE Anis	16	March	2001	25	Norwich City FC (ENG)
26	Tunisia	MF	TOUNEKTI Sebastian	13	July	2002	23	Celtic FC (SCO)
1	Türkiye	GK	GUNOK Mert	1	March	1989	37	Fenerbahçe SK (TUR)
2	Türkiye	DF	CELIK Zeki	17	February	1997	29	AS Roma (ITA)
3	Türkiye	DF	DEMIRAL Merih	5	March	1998	28	Al Ahli FC (KSA)
4	Türkiye	DF	SOYUNCU Caglar	23	May	1996	30	Fenerbahçe SK (TUR)
5	Türkiye	MF	OZCAN Salih	11	January	1998	28	Borussia Dortmund (GER)
6	Türkiye	MF	KOKCU Orkun	29	December	2000	25	Beşiktaş JK (TUR)
7	Türkiye	FW	AKTURKOGLU Kerem	21	October	1998	27	Fenerbahçe SK (TUR)
8	Türkiye	FW	GULER Arda	25	February	2005	21	Real Madrid C. F. (ESP)
9	Türkiye	FW	GUL Deniz	2	July	2004	21	FC Porto (POR)
10	Türkiye	MF	CALHANOGLU Hakan	8	February	1994	32	FC Internazionale Milano (ITA)
11	Türkiye	FW	YILDIZ Kenan	4	May	2005	21	Juventus FC (ITA)
12	Türkiye	GK	BAYINDIR Altay	14	April	1998	28	Manchester United FC (ENG)
13	Türkiye	DF	ELMALI Eren	7	July	2000	25	Galatasaray SK (TUR)
14	Türkiye	DF	BARDAKCI Abdulkerim	7	September	1994	31	Galatasaray SK (TUR)
15	Türkiye	DF	KABAK Ozan	25	March	2000	26	TSG Hoffenheim (GER)
16	Türkiye	MF	YUKSEK Ismail	26	January	1999	27	Fenerbahçe SK (TUR)
17	Türkiye	FW	KAHVECI Irfan Can	15	July	1995	30	Kasımpaşa SK (TUR)
18	Türkiye	DF	MULDUR Mert	3	April	1999	27	Fenerbahçe SK (TUR)
19	Türkiye	FW	AKGUN Yunus	7	July	2000	25	Galatasaray SK (TUR)
20	Türkiye	DF	KADIOGLU Ferdi	7	October	1999	26	Brighton & Hove Albion FC (ENG)
21	Türkiye	FW	YILMAZ Baris Alper	23	May	2000	26	Galatasaray SK (TUR)
22	Türkiye	MF	AYHAN Kaan	10	November	1994	31	Galatasaray SK (TUR)
23	Türkiye	GK	CAKIR Ugurcan	5	April	1996	30	Galatasaray SK (TUR)
24	Türkiye	FW	AYDIN Oguz	27	October	2000	25	Fenerbahçe SK (TUR)
25	Türkiye	DF	AKAYDIN Samet	13	March	1994	32	Çaykur Rizespor (TUR)
26	Türkiye	FW	UZUN Can	11	November	2005	20	Eintracht Frankfurt (GER)
1	Uruguay	GK	ROCHET Sergio	23	March	1993	33	SC Internacional (BRA)
2	Uruguay	DF	GIMENEZ Jose Maria	20	January	1995	31	Atlético De Madrid (ESP)
3	Uruguay	DF	CACERES Sebastian	18	August	1999	26	Club América (MEX)
4	Uruguay	DF	ARAUJO Ronald	7	March	1999	27	FC Barcelona (ESP)
5	Uruguay	MF	UGARTE Manuel	11	April	2001	25	Manchester United FC (ENG)
6	Uruguay	MF	BENTANCUR Rodrigo	25	June	1997	28	Tottenham Hotspur FC (ENG)
7	Uruguay	MF	DE LA CRUZ Nicolas	1	June	1997	29	CR Flamengo (BRA)
8	Uruguay	MF	VALVERDE Federico	22	July	1998	27	Real Madrid C. F. (ESP)
9	Uruguay	FW	NUNEZ Darwin	24	June	1999	26	Al Hilal SC (KSA)
10	Uruguay	MF	DE ARRASCAETA Giorgian	1	June	1994	32	CR Flamengo (BRA)
11	Uruguay	FW	PELLISTRI Facundo	20	December	2001	24	Panathinaikos FC (GRE)
12	Uruguay	GK	MELE Santiago	6	September	1997	28	CF Monterrey (MEX)
13	Uruguay	DF	VARELA Guillermo	24	March	1993	33	CR Flamengo (BRA)
14	Uruguay	MF	CANOBBIO Agustin	1	October	1998	27	Fluminense FC (BRA)
15	Uruguay	MF	MARTINEZ Emiliano	17	August	1999	26	SE Palmeiras (BRA)
16	Uruguay	DF	OLIVERA Mathias	31	October	1997	28	SSC Napoli (ITA)
17	Uruguay	DF	VINA Matias	9	November	1997	28	CA River Plate (ARG)
18	Uruguay	FW	RODRIGUEZ Brian	20	May	2000	26	Club América (MEX)
19	Uruguay	FW	AGUIRRE Rodrigo	1	October	1994	31	Tigres UANL (MEX)
20	Uruguay	MF	ARAUJO Maxi	15	February	2000	26	Sporting CP (POR)
21	Uruguay	FW	VINAS Federico	30	June	1998	27	Real Oviedo (ESP)
22	Uruguay	MF	PIQUEREZ Joaquin	24	August	1998	27	SE Palmeiras (BRA)
23	Uruguay	GK	MUSLERA Fernando	16	June	1986	39	Estudiantes LP (ARG)
24	Uruguay	DF	BUENO Santiago	9	November	1998	27	Wolverhampton Wanderers FC (ENG)
25	Uruguay	MF	SANABRIA Juan Manuel	29	March	2000	26	Real Salt Lake (USA)
26	Uruguay	MF	ZALAZAR Rodrigo	12	August	1999	26	SC Braga (POR)
1	USA	GK	TURNER Matt	24	June	1994	31	New England Revolution (USA)
2	USA	DF	DEST Sergino	3	November	2000	25	PSV Eindhoven (NED)
3	USA	DF	RICHARDS Chris	28	March	2000	26	Crystal Palace FC (ENG)
4	USA	MF	ADAMS Tyler	14	February	1999	27	AFC Bournemouth (ENG)
5	USA	DF	ROBINSON Antonee	8	August	1997	28	Fulham FC (ENG)
6	USA	DF	TRUSTY Auston	12	August	1998	27	Celtic FC (SCO)
7	USA	MF	REYNA Giovanni	13	November	2002	23	Borussia Mönchengladbach (GER)
8	USA	MF	McKENNIE Weston	28	August	1998	27	Juventus FC (ITA)
9	USA	FW	PEPI Ricardo	9	January	2003	23	PSV Eindhoven (NED)
10	USA	FW	PULISIC Christian	18	September	1998	27	AC Milan (ITA)
11	USA	FW	AARONSON Brenden	22	October	2000	25	Leeds United FC (ENG)
12	USA	DF	ROBINSON Miles	14	March	1997	29	FC Cincinnatti (USA)
13	USA	DF	REAM Tim	5	October	1987	38	Charlotte FC (USA)
14	USA	MF	BERHALTER Sebastian	10	May	2001	25	Vancouver Whitecaps FC (CAN)
15	USA	MF	ROLDAN Cristian	3	June	1995	31	Seattle Sounders FC (USA)
16	USA	DF	FREEMAN Alex	9	August	2004	21	Villarreal CF (ESP)
17	USA	MF	TILLMAN Malik	28	May	2002	24	Bayer 04 Leverkusen (GER)
18	USA	DF	ARFSTEN Max	19	April	2001	25	Columbus Crew (USA)
19	USA	FW	WRIGHT Haji	27	March	1998	28	Coventry City FC (ENG)
20	USA	FW	BALOGUN Folarin	3	July	2001	24	AS Monaco (FRA)
21	USA	FW	WEAH Timothy	22	February	2000	26	Olympique Marseille (FRA)
22	USA	DF	McKENZIE Mark	25	February	1999	27	Toulouse FC (FRA)
23	USA	DF	SCALLY Joe	31	December	2002	23	Borussia Mönchengladbach (GER)
24	USA	GK	FREESE Matt	2	September	1998	27	New York City FC (USA)
25	USA	GK	BRADY Chris	3	March	2004	22	Chicago Fire FC (USA)
26	USA	FW	ZENDEJAS Alex	7	February	1998	28	Club América (MEX)
1	Uzbekistan	GK	YUSUPOV Utkir	4	January	1991	35	PFC Navbahor Namangan (UZB)
2	Uzbekistan	DF	KHUSANOV Abdukodir	29	February	2004	22	Manchester City FC (ENG)
3	Uzbekistan	DF	ALIJONOV Khojiakbar	19	April	1997	29	Pakhtakor Tashkent FK (UZB)
4	Uzbekistan	DF	SAYFIEV Farrukh	17	January	1991	35	FK Neftchi Farg'ona (UZB)
5	Uzbekistan	DF	ASHURMATOV Rustam	7	July	1996	29	Esteghlal Tehran FC (IRN)
6	Uzbekistan	MF	MOZGOVOY Akmal	2	April	1999	27	Pakhtakor Tashkent FK (UZB)
7	Uzbekistan	MF	SHUKUROV Otabek	22	June	1996	29	Baniyas Club (UAE)
8	Uzbekistan	MF	ISKANDEROV Jamshid	16	October	1993	32	FK Neftchi Farg'ona (UZB)
9	Uzbekistan	MF	XAMROBEKOV Odiljon	13	February	1996	30	Tractor Sazi Tabriz FC (IRN)
10	Uzbekistan	MF	MASHARIPOV Jaloliddin	1	September	1993	32	Esteghlal Tehran FC (IRN)
11	Uzbekistan	MF	URUNOV Oston	19	December	2000	25	Persepolis FC (IRN)
12	Uzbekistan	GK	NEMATOV Abduvohid	20	March	2001	25	Nasaf Qarshi FC (UZB)
13	Uzbekistan	DF	NASRULLAEV Sherzod	23	July	1998	27	Pakhtakor Tashkent FK (UZB)
14	Uzbekistan	FW	SHOMURODOV Eldor	29	June	1995	30	Başakşehir FK (TUR)
15	Uzbekistan	DF	ESHMURODOV Umar	30	November	1992	33	Nasaf Qarshi FC (UZB)
16	Uzbekistan	GK	ERGASHEV Botirali	23	June	1995	30	FK Neftchi Farg'ona (UZB)
17	Uzbekistan	MF	KHAMDAMOV Dostonbek	24	July	1996	29	Pakhtakor Tashkent FK (UZB)
18	Uzbekistan	DF	ABDULLAEV Abdulla	1	September	1997	28	Dibba FC (UAE)
19	Uzbekistan	MF	GANIEV Azizjon	22	February	1998	28	Al Bataeh Club (UAE)
20	Uzbekistan	FW	AMONOV Azizbek	30	October	1997	28	FK Dinamo Samarkand (UZB)
21	Uzbekistan	FW	SERGEEV Igor	30	April	1993	33	Persepolis FC (IRN)
22	Uzbekistan	MF	FAYZULLAEV Abbosbek	3	October	2003	22	Başakşehir FK (TUR)
23	Uzbekistan	MF	ESANOV Sherzod	1	February	2003	23	FK Buxoro (UZB)
24	Uzbekistan	DF	KARIMOV Behruzjon	7	August	2007	18	Surkhon FK (UZB)
25	Uzbekistan	DF	ULMASALIYEV Avazbek	27	March	2000	26	OKMK FK (UZB)
26	Uzbekistan	DF	UROZOV Jakhongir	18	January	2004	22	FK Dinamo Samarkand (UZB)
